28,-13,47FVTa0T1W3/k5gpyYjRiz9p7JI=,BI5CTrKpkfn8R6Dk0HBp5S+aaao=
27,-13,sLCVq2Gm5qz8ii4V6m2VZFrN4eQ=,BI5CTrKpkfn8R6Dk0HBp5S+aaao=
26,-13,sLCVq2Gm5qz8ii4V6m2VZFrN4eQ=,BI5CTrKpkfn8R6Dk0HBp5S+aaao=
25,-13,sLCVq2Gm5qz8ii4V6m2VZFrN4eQ=,BI5CTrKpkfn8R6Dk0HBp5S+aaao=
30,-14,sLCVq2Gm5qz8ii4V6m2VZFrN4eQ=,BI5CTrKpkfn8R6Dk0HBp5S+aaao=
29,-14,sLCVq2Gm5qz8ii4V6m2VZFrN4eQ=,BI5CTrKpkfn8R6Dk0HBp5S+aaao=
28,-14,sLCVq2Gm5qz8ii4V6m2VZFrN4eQ=,BI5CTrKpkfn8R6Dk0HBp5S+aaao=
27,-14,sLCVq2Gm5qz8ii4V6m2VZFrN4eQ=,BI5CTrKpkfn8R6Dk0HBp5S+aaao=
26,-14,sLCVq2Gm5qz8ii4V6m2VZFrN4eQ=,BI5CTrKpkfn8R6Dk0HBp5S+aaao=
25,-14,sLCVq2Gm5qz8ii4V6m2VZFrN4eQ=,BI5CTrKpkfn8R6Dk0HBp5S+aaao=
30,-15,47FVTa0T1W3/k5gpyYjRiz9p7JI=,BI5CTrKpkfn8R6Dk0HBp5S+aaao=
29,-15,47FVTa0T1W3/k5gpyYjRiz9p7JI=,BI5CTrKpkfn8R6Dk0HBp5S+aaao=
28,-15,47FVTa0T1W3/k5gpyYjRiz9p7JI=,BI5CTrKpkfn8R6Dk0HBp5S+aaao=
30,-10,sLCVq2Gm5qz8ii4V6m2VZFrN4eQ=,BI5CTrKpkfn8R6Dk0HBp5S+aaao=
27,-15,47FVTa0T1W3/k5gpyYjRiz9p7JI=,BI5CTrKpkfn8R6Dk0HBp5S+aaao=
26,-15,47FVTa0T1W3/k5gpyYjRiz9p7JI=,BI5CTrKpkfn8R6Dk0HBp5S+aaao=
25,-15,47FVTa0T1W3/k5gpyYjRiz9p7JI=,BI5CTrKpkfn8R6Dk0HBp5S+aaao=
29,-10,sLCVq2Gm5qz8ii4V6m2VZFrN4eQ=,BI5CTrKpkfn8R6Dk0HBp5S+aaao=
28,-10,sLCVq2Gm5qz8ii4V6m2VZFrN4eQ=,BI5CTrKpkfn8R6Dk0HBp5S+aaao=
27,-10,sLCVq2Gm5qz8ii4V6m2VZFrN4eQ=,BI5CTrKpkfn8R6Dk0HBp5S+aaao=
26,-10,47FVTa0T1W3/k5gpyYjRiz9p7JI=,BI5CTrKpkfn8R6Dk0HBp5S+aaao=
25,-10,47FVTa0T1W3/k5gpyYjRiz9p7JI=,BI5CTrKpkfn8R6Dk0HBp5S+aaao=
30,-11,47FVTa0T1W3/k5gpyYjRiz9p7JI=,BI5CTrKpkfn8R6Dk0HBp5S+aaao=
29,-11,47FVTa0T1W3/k5gpyYjRiz9p7JI=,BI5CTrKpkfn8R6Dk0HBp5S+aaao=
28,-11,47FVTa0T1W3/k5gpyYjRiz9p7JI=,BI5CTrKpkfn8R6Dk0HBp5S+aaao=
27,-11,47FVTa0T1W3/k5gpyYjRiz9p7JI=,BI5CTrKpkfn8R6Dk0HBp5S+aaao=
26,-11,47FVTa0T1W3/k5gpyYjRiz9p7JI=,BI5CTrKpkfn8R6Dk0HBp5S+aaao=
25,-11,47FVTa0T1W3/k5gpyYjRiz9p7JI=,BI5CTrKpkfn8R6Dk0HBp5S+aaao=
30,-12,47FVTa0T1W3/k5gpyYjRiz9p7JI=,BI5CTrKpkfn8R6Dk0HBp5S+aaao=
29,-12,47FVTa0T1W3/k5gpyYjRiz9p7JI=,BI5CTrKpkfn8R6Dk0HBp5S+aaao=
28,-12,47FVTa0T1W3/k5gpyYjRiz9p7JI=,BI5CTrKpkfn8R6Dk0HBp5S+aaao=
27,-12,47FVTa0T1W3/k5gpyYjRiz9p7JI=,BI5CTrKpkfn8R6Dk0HBp5S+aaao=
26,-12,47FVTa0T1W3/k5gpyYjRiz9p7JI=,BI5CTrKpkfn8R6Dk0HBp5S+aaao=
25,-12,47FVTa0T1W3/k5gpyYjRiz9p7JI=,BI5CTrKpkfn8R6Dk0HBp5S+aaao=
30,-13,47FVTa0T1W3/k5gpyYjRiz9p7JI=,BI5CTrKpkfn8R6Dk0HBp5S+aaao=
31,-13,sLCVq2Gm5qz8ii4V6m2VZFrN4eQ=,BI5CTrKpkfn8R6Dk0HBp5S+aaao=
31,-12,sLCVq2Gm5qz8ii4V6m2VZFrN4eQ=,BI5CTrKpkfn8R6Dk0HBp5S+aaao=
31,-11,sLCVq2Gm5qz8ii4V6m2VZFrN4eQ=,BI5CTrKpkfn8R6Dk0HBp5S+aaao=
31,-15,sLCVq2Gm5qz8ii4V6m2VZFrN4eQ=,BI5CTrKpkfn8R6Dk0HBp5S+aaao=
31,-10,sLCVq2Gm5qz8ii4V6m2VZFrN4eQ=,BI5CTrKpkfn8R6Dk0HBp5S+aaao=
31,-14,sLCVq2Gm5qz8ii4V6m2VZFrN4eQ=,BI5CTrKpkfn8R6Dk0HBp5S+aaao=
29,-13,47FVTa0T1W3/k5gpyYjRiz9p7JI=,BI5CTrKpkfn8R6Dk0HBp5S+aaao=
25,-16,sLCVq2Gm5qz8ii4V6m2VZFrN4eQ=,BI5CTrKpkfn8R6Dk0HBp5S+aaao=
26,-16,sLCVq2Gm5qz8ii4V6m2VZFrN4eQ=,BI5CTrKpkfn8R6Dk0HBp5S+aaao=
30,-16,sLCVq2Gm5qz8ii4V6m2VZFrN4eQ=,BI5CTrKpkfn8R6Dk0HBp5S+aaao=
29,-16,sLCVq2Gm5qz8ii4V6m2VZFrN4eQ=,BI5CTrKpkfn8R6Dk0HBp5S+aaao=
28,-16,sLCVq2Gm5qz8ii4V6m2VZFrN4eQ=,BI5CTrKpkfn8R6Dk0HBp5S+aaao=
27,-16,sLCVq2Gm5qz8ii4V6m2VZFrN4eQ=,BI5CTrKpkfn8R6Dk0HBp5S+aaao=
31,-16,sLCVq2Gm5qz8ii4V6m2VZFrN4eQ=,BI5CTrKpkfn8R6Dk0HBp5S+aaao=
20,-13,sLCVq2Gm5qz8ii4V6m2VZFrN4eQ=,aIEMBOhGE0II3nt2B/B6IvXOZsg=
22,-14,sLCVq2Gm5qz8ii4V6m2VZFrN4eQ=,aIEMBOhGE0II3nt2B/B6IvXOZsg=
23,-14,sLCVq2Gm5qz8ii4V6m2VZFrN4eQ=,aIEMBOhGE0II3nt2B/B6IvXOZsg=
16,-13,sLCVq2Gm5qz8ii4V6m2VZFrN4eQ=,aIEMBOhGE0II3nt2B/B6IvXOZsg=
16,-16,sLCVq2Gm5qz8ii4V6m2VZFrN4eQ=,aIEMBOhGE0II3nt2B/B6IvXOZsg=
21,-13,sLCVq2Gm5qz8ii4V6m2VZFrN4eQ=,aIEMBOhGE0II3nt2B/B6IvXOZsg=
22,-13,sLCVq2Gm5qz8ii4V6m2VZFrN4eQ=,aIEMBOhGE0II3nt2B/B6IvXOZsg=
23,-13,sLCVq2Gm5qz8ii4V6m2VZFrN4eQ=,aIEMBOhGE0II3nt2B/B6IvXOZsg=
16,-12,sLCVq2Gm5qz8ii4V6m2VZFrN4eQ=,aIEMBOhGE0II3nt2B/B6IvXOZsg=
17,-12,sLCVq2Gm5qz8ii4V6m2VZFrN4eQ=,aIEMBOhGE0II3nt2B/B6IvXOZsg=
20,-16,sLCVq2Gm5qz8ii4V6m2VZFrN4eQ=,aIEMBOhGE0II3nt2B/B6IvXOZsg=
16,-14,sLCVq2Gm5qz8ii4V6m2VZFrN4eQ=,aIEMBOhGE0II3nt2B/B6IvXOZsg=
18,-12,sLCVq2Gm5qz8ii4V6m2VZFrN4eQ=,aIEMBOhGE0II3nt2B/B6IvXOZsg=
19,-12,sLCVq2Gm5qz8ii4V6m2VZFrN4eQ=,aIEMBOhGE0II3nt2B/B6IvXOZsg=
20,-12,sLCVq2Gm5qz8ii4V6m2VZFrN4eQ=,aIEMBOhGE0II3nt2B/B6IvXOZsg=
21,-16,sLCVq2Gm5qz8ii4V6m2VZFrN4eQ=,aIEMBOhGE0II3nt2B/B6IvXOZsg=
18,-15,sLCVq2Gm5qz8ii4V6m2VZFrN4eQ=,aIEMBOhGE0II3nt2B/B6IvXOZsg=
21,-12,sLCVq2Gm5qz8ii4V6m2VZFrN4eQ=,aIEMBOhGE0II3nt2B/B6IvXOZsg=
22,-12,sLCVq2Gm5qz8ii4V6m2VZFrN4eQ=,aIEMBOhGE0II3nt2B/B6IvXOZsg=
23,-12,sLCVq2Gm5qz8ii4V6m2VZFrN4eQ=,aIEMBOhGE0II3nt2B/B6IvXOZsg=
19,-13,sLCVq2Gm5qz8ii4V6m2VZFrN4eQ=,aIEMBOhGE0II3nt2B/B6IvXOZsg=
16,-11,sLCVq2Gm5qz8ii4V6m2VZFrN4eQ=,aIEMBOhGE0II3nt2B/B6IvXOZsg=
19,-15,sLCVq2Gm5qz8ii4V6m2VZFrN4eQ=,aIEMBOhGE0II3nt2B/B6IvXOZsg=
17,-11,sLCVq2Gm5qz8ii4V6m2VZFrN4eQ=,aIEMBOhGE0II3nt2B/B6IvXOZsg=
18,-11,sLCVq2Gm5qz8ii4V6m2VZFrN4eQ=,aIEMBOhGE0II3nt2B/B6IvXOZsg=
24,-12,sLCVq2Gm5qz8ii4V6m2VZFrN4eQ=,BI5CTrKpkfn8R6Dk0HBp5S+aaao=
17,-14,sLCVq2Gm5qz8ii4V6m2VZFrN4eQ=,aIEMBOhGE0II3nt2B/B6IvXOZsg=
19,-11,sLCVq2Gm5qz8ii4V6m2VZFrN4eQ=,aIEMBOhGE0II3nt2B/B6IvXOZsg=
20,-11,sLCVq2Gm5qz8ii4V6m2VZFrN4eQ=,aIEMBOhGE0II3nt2B/B6IvXOZsg=
22,-16,sLCVq2Gm5qz8ii4V6m2VZFrN4eQ=,aIEMBOhGE0II3nt2B/B6IvXOZsg=
21,-11,sLCVq2Gm5qz8ii4V6m2VZFrN4eQ=,aIEMBOhGE0II3nt2B/B6IvXOZsg=
20,-15,sLCVq2Gm5qz8ii4V6m2VZFrN4eQ=,aIEMBOhGE0II3nt2B/B6IvXOZsg=
22,-11,sLCVq2Gm5qz8ii4V6m2VZFrN4eQ=,aIEMBOhGE0II3nt2B/B6IvXOZsg=
24,-11,sLCVq2Gm5qz8ii4V6m2VZFrN4eQ=,BI5CTrKpkfn8R6Dk0HBp5S+aaao=
23,-11,sLCVq2Gm5qz8ii4V6m2VZFrN4eQ=,aIEMBOhGE0II3nt2B/B6IvXOZsg=
16,-10,sLCVq2Gm5qz8ii4V6m2VZFrN4eQ=,aIEMBOhGE0II3nt2B/B6IvXOZsg=
17,-10,sLCVq2Gm5qz8ii4V6m2VZFrN4eQ=,aIEMBOhGE0II3nt2B/B6IvXOZsg=
23,-16,sLCVq2Gm5qz8ii4V6m2VZFrN4eQ=,aIEMBOhGE0II3nt2B/B6IvXOZsg=
18,-10,sLCVq2Gm5qz8ii4V6m2VZFrN4eQ=,aIEMBOhGE0II3nt2B/B6IvXOZsg=
19,-10,sLCVq2Gm5qz8ii4V6m2VZFrN4eQ=,aIEMBOhGE0II3nt2B/B6IvXOZsg=
21,-15,sLCVq2Gm5qz8ii4V6m2VZFrN4eQ=,aIEMBOhGE0II3nt2B/B6IvXOZsg=
18,-13,sLCVq2Gm5qz8ii4V6m2VZFrN4eQ=,aIEMBOhGE0II3nt2B/B6IvXOZsg=
20,-10,sLCVq2Gm5qz8ii4V6m2VZFrN4eQ=,aIEMBOhGE0II3nt2B/B6IvXOZsg=
24,-10,sLCVq2Gm5qz8ii4V6m2VZFrN4eQ=,BI5CTrKpkfn8R6Dk0HBp5S+aaao=
16,-15,sLCVq2Gm5qz8ii4V6m2VZFrN4eQ=,aIEMBOhGE0II3nt2B/B6IvXOZsg=
17,-15,sLCVq2Gm5qz8ii4V6m2VZFrN4eQ=,aIEMBOhGE0II3nt2B/B6IvXOZsg=
22,-15,sLCVq2Gm5qz8ii4V6m2VZFrN4eQ=,aIEMBOhGE0II3nt2B/B6IvXOZsg=
17,-16,sLCVq2Gm5qz8ii4V6m2VZFrN4eQ=,aIEMBOhGE0II3nt2B/B6IvXOZsg=
24,-16,sLCVq2Gm5qz8ii4V6m2VZFrN4eQ=,BI5CTrKpkfn8R6Dk0HBp5S+aaao=
18,-14,sLCVq2Gm5qz8ii4V6m2VZFrN4eQ=,aIEMBOhGE0II3nt2B/B6IvXOZsg=
19,-14,sLCVq2Gm5qz8ii4V6m2VZFrN4eQ=,aIEMBOhGE0II3nt2B/B6IvXOZsg=
21,-10,sLCVq2Gm5qz8ii4V6m2VZFrN4eQ=,aIEMBOhGE0II3nt2B/B6IvXOZsg=
20,-14,sLCVq2Gm5qz8ii4V6m2VZFrN4eQ=,aIEMBOhGE0II3nt2B/B6IvXOZsg=
18,-16,sLCVq2Gm5qz8ii4V6m2VZFrN4eQ=,aIEMBOhGE0II3nt2B/B6IvXOZsg=
22,-10,sLCVq2Gm5qz8ii4V6m2VZFrN4eQ=,aIEMBOhGE0II3nt2B/B6IvXOZsg=
23,-15,sLCVq2Gm5qz8ii4V6m2VZFrN4eQ=,aIEMBOhGE0II3nt2B/B6IvXOZsg=
24,-15,sLCVq2Gm5qz8ii4V6m2VZFrN4eQ=,BI5CTrKpkfn8R6Dk0HBp5S+aaao=
19,-16,sLCVq2Gm5qz8ii4V6m2VZFrN4eQ=,aIEMBOhGE0II3nt2B/B6IvXOZsg=
23,-10,sLCVq2Gm5qz8ii4V6m2VZFrN4eQ=,aIEMBOhGE0II3nt2B/B6IvXOZsg=
24,-14,sLCVq2Gm5qz8ii4V6m2VZFrN4eQ=,BI5CTrKpkfn8R6Dk0HBp5S+aaao=
21,-14,sLCVq2Gm5qz8ii4V6m2VZFrN4eQ=,aIEMBOhGE0II3nt2B/B6IvXOZsg=
17,-13,sLCVq2Gm5qz8ii4V6m2VZFrN4eQ=,aIEMBOhGE0II3nt2B/B6IvXOZsg=
24,-13,sLCVq2Gm5qz8ii4V6m2VZFrN4eQ=,BI5CTrKpkfn8R6Dk0HBp5S+aaao=
28,-3,47FVTa0T1W3/k5gpyYjRiz9p7JI=,mzzCDHC7NpTk84A5gZ90T+sI9EM=
25,-8,47FVTa0T1W3/k5gpyYjRiz9p7JI=,mzzCDHC7NpTk84A5gZ90T+sI9EM=
26,-8,47FVTa0T1W3/k5gpyYjRiz9p7JI=,mzzCDHC7NpTk84A5gZ90T+sI9EM=
31,-9,sLCVq2Gm5qz8ii4V6m2VZFrN4eQ=,BI5CTrKpkfn8R6Dk0HBp5S+aaao=
30,-9,sLCVq2Gm5qz8ii4V6m2VZFrN4eQ=,BI5CTrKpkfn8R6Dk0HBp5S+aaao=
29,-9,sLCVq2Gm5qz8ii4V6m2VZFrN4eQ=,BI5CTrKpkfn8R6Dk0HBp5S+aaao=
27,-3,sLCVq2Gm5qz8ii4V6m2VZFrN4eQ=,mzzCDHC7NpTk84A5gZ90T+sI9EM=
28,-9,sLCVq2Gm5qz8ii4V6m2VZFrN4eQ=,BI5CTrKpkfn8R6Dk0HBp5S+aaao=
27,-9,sLCVq2Gm5qz8ii4V6m2VZFrN4eQ=,BI5CTrKpkfn8R6Dk0HBp5S+aaao=
26,-9,sLCVq2Gm5qz8ii4V6m2VZFrN4eQ=,BI5CTrKpkfn8R6Dk0HBp5S+aaao=
26,-3,sLCVq2Gm5qz8ii4V6m2VZFrN4eQ=,mzzCDHC7NpTk84A5gZ90T+sI9EM=
25,-9,sLCVq2Gm5qz8ii4V6m2VZFrN4eQ=,BI5CTrKpkfn8R6Dk0HBp5S+aaao=
25,-3,sLCVq2Gm5qz8ii4V6m2VZFrN4eQ=,mzzCDHC7NpTk84A5gZ90T+sI9EM=
31,-4,sLCVq2Gm5qz8ii4V6m2VZFrN4eQ=,mzzCDHC7NpTk84A5gZ90T+sI9EM=
30,-4,sLCVq2Gm5qz8ii4V6m2VZFrN4eQ=,mzzCDHC7NpTk84A5gZ90T+sI9EM=
29,-4,sLCVq2Gm5qz8ii4V6m2VZFrN4eQ=,mzzCDHC7NpTk84A5gZ90T+sI9EM=
28,-4,sLCVq2Gm5qz8ii4V6m2VZFrN4eQ=,mzzCDHC7NpTk84A5gZ90T+sI9EM=
27,-4,sLCVq2Gm5qz8ii4V6m2VZFrN4eQ=,mzzCDHC7NpTk84A5gZ90T+sI9EM=
26,-4,sLCVq2Gm5qz8ii4V6m2VZFrN4eQ=,mzzCDHC7NpTk84A5gZ90T+sI9EM=
31,-1,sLCVq2Gm5qz8ii4V6m2VZFrN4eQ=,mzzCDHC7NpTk84A5gZ90T+sI9EM=
30,-1,sLCVq2Gm5qz8ii4V6m2VZFrN4eQ=,mzzCDHC7NpTk84A5gZ90T+sI9EM=
25,-4,sLCVq2Gm5qz8ii4V6m2VZFrN4eQ=,mzzCDHC7NpTk84A5gZ90T+sI9EM=
31,-5,sLCVq2Gm5qz8ii4V6m2VZFrN4eQ=,mzzCDHC7NpTk84A5gZ90T+sI9EM=
29,-1,sLCVq2Gm5qz8ii4V6m2VZFrN4eQ=,mzzCDHC7NpTk84A5gZ90T+sI9EM=
30,-5,sLCVq2Gm5qz8ii4V6m2VZFrN4eQ=,mzzCDHC7NpTk84A5gZ90T+sI9EM=
29,-5,sLCVq2Gm5qz8ii4V6m2VZFrN4eQ=,mzzCDHC7NpTk84A5gZ90T+sI9EM=
28,-1,sLCVq2Gm5qz8ii4V6m2VZFrN4eQ=,mzzCDHC7NpTk84A5gZ90T+sI9EM=
28,-5,sLCVq2Gm5qz8ii4V6m2VZFrN4eQ=,mzzCDHC7NpTk84A5gZ90T+sI9EM=
27,-5,47FVTa0T1W3/k5gpyYjRiz9p7JI=,mzzCDHC7NpTk84A5gZ90T+sI9EM=
27,-1,sLCVq2Gm5qz8ii4V6m2VZFrN4eQ=,mzzCDHC7NpTk84A5gZ90T+sI9EM=
26,-1,sLCVq2Gm5qz8ii4V6m2VZFrN4eQ=,mzzCDHC7NpTk84A5gZ90T+sI9EM=
26,-5,47FVTa0T1W3/k5gpyYjRiz9p7JI=,mzzCDHC7NpTk84A5gZ90T+sI9EM=
25,-5,47FVTa0T1W3/k5gpyYjRiz9p7JI=,mzzCDHC7NpTk84A5gZ90T+sI9EM=
31,-6,sLCVq2Gm5qz8ii4V6m2VZFrN4eQ=,mzzCDHC7NpTk84A5gZ90T+sI9EM=
25,-1,sLCVq2Gm5qz8ii4V6m2VZFrN4eQ=,mzzCDHC7NpTk84A5gZ90T+sI9EM=
30,-6,sLCVq2Gm5qz8ii4V6m2VZFrN4eQ=,mzzCDHC7NpTk84A5gZ90T+sI9EM=
31,-2,sLCVq2Gm5qz8ii4V6m2VZFrN4eQ=,mzzCDHC7NpTk84A5gZ90T+sI9EM=
29,-6,sLCVq2Gm5qz8ii4V6m2VZFrN4eQ=,mzzCDHC7NpTk84A5gZ90T+sI9EM=
28,-6,sLCVq2Gm5qz8ii4V6m2VZFrN4eQ=,mzzCDHC7NpTk84A5gZ90T+sI9EM=
30,-2,47FVTa0T1W3/k5gpyYjRiz9p7JI=,mzzCDHC7NpTk84A5gZ90T+sI9EM=
29,-2,47FVTa0T1W3/k5gpyYjRiz9p7JI=,mzzCDHC7NpTk84A5gZ90T+sI9EM=
27,-6,sLCVq2Gm5qz8ii4V6m2VZFrN4eQ=,mzzCDHC7NpTk84A5gZ90T+sI9EM=
28,-2,47FVTa0T1W3/k5gpyYjRiz9p7JI=,mzzCDHC7NpTk84A5gZ90T+sI9EM=
27,-2,47FVTa0T1W3/k5gpyYjRiz9p7JI=,mzzCDHC7NpTk84A5gZ90T+sI9EM=
26,-2,47FVTa0T1W3/k5gpyYjRiz9p7JI=,mzzCDHC7NpTk84A5gZ90T+sI9EM=
31,-3,sLCVq2Gm5qz8ii4V6m2VZFrN4eQ=,mzzCDHC7NpTk84A5gZ90T+sI9EM=
25,-2,47FVTa0T1W3/k5gpyYjRiz9p7JI=,mzzCDHC7NpTk84A5gZ90T+sI9EM=
26,-6,sLCVq2Gm5qz8ii4V6m2VZFrN4eQ=,mzzCDHC7NpTk84A5gZ90T+sI9EM=
25,-6,sLCVq2Gm5qz8ii4V6m2VZFrN4eQ=,mzzCDHC7NpTk84A5gZ90T+sI9EM=
31,-7,sLCVq2Gm5qz8ii4V6m2VZFrN4eQ=,mzzCDHC7NpTk84A5gZ90T+sI9EM=
30,-7,sLCVq2Gm5qz8ii4V6m2VZFrN4eQ=,mzzCDHC7NpTk84A5gZ90T+sI9EM=
30,-3,47FVTa0T1W3/k5gpyYjRiz9p7JI=,mzzCDHC7NpTk84A5gZ90T+sI9EM=
29,-7,sLCVq2Gm5qz8ii4V6m2VZFrN4eQ=,mzzCDHC7NpTk84A5gZ90T+sI9EM=
26,-7,47FVTa0T1W3/k5gpyYjRiz9p7JI=,mzzCDHC7NpTk84A5gZ90T+sI9EM=
29,-3,47FVTa0T1W3/k5gpyYjRiz9p7JI=,mzzCDHC7NpTk84A5gZ90T+sI9EM=
27,-7,sLCVq2Gm5qz8ii4V6m2VZFrN4eQ=,mzzCDHC7NpTk84A5gZ90T+sI9EM=
28,-7,sLCVq2Gm5qz8ii4V6m2VZFrN4eQ=,mzzCDHC7NpTk84A5gZ90T+sI9EM=
25,-7,sLCVq2Gm5qz8ii4V6m2VZFrN4eQ=,mzzCDHC7NpTk84A5gZ90T+sI9EM=
30,-8,47FVTa0T1W3/k5gpyYjRiz9p7JI=,mzzCDHC7NpTk84A5gZ90T+sI9EM=
28,-8,47FVTa0T1W3/k5gpyYjRiz9p7JI=,mzzCDHC7NpTk84A5gZ90T+sI9EM=
29,-8,47FVTa0T1W3/k5gpyYjRiz9p7JI=,mzzCDHC7NpTk84A5gZ90T+sI9EM=
27,-8,47FVTa0T1W3/k5gpyYjRiz9p7JI=,mzzCDHC7NpTk84A5gZ90T+sI9EM=
31,-8,sLCVq2Gm5qz8ii4V6m2VZFrN4eQ=,mzzCDHC7NpTk84A5gZ90T+sI9EM=
19,-1,sLCVq2Gm5qz8ii4V6m2VZFrN4eQ=,4OG/CfphRISIJqw9FhpzGaSE2KY=
23,-9,sLCVq2Gm5qz8ii4V6m2VZFrN4eQ=,aIEMBOhGE0II3nt2B/B6IvXOZsg=
16,-8,sLCVq2Gm5qz8ii4V6m2VZFrN4eQ=,4OG/CfphRISIJqw9FhpzGaSE2KY=
18,-1,sLCVq2Gm5qz8ii4V6m2VZFrN4eQ=,4OG/CfphRISIJqw9FhpzGaSE2KY=
24,-9,sLCVq2Gm5qz8ii4V6m2VZFrN4eQ=,BI5CTrKpkfn8R6Dk0HBp5S+aaao=
17,-8,sLCVq2Gm5qz8ii4V6m2VZFrN4eQ=,4OG/CfphRISIJqw9FhpzGaSE2KY=
22,-9,sLCVq2Gm5qz8ii4V6m2VZFrN4eQ=,aIEMBOhGE0II3nt2B/B6IvXOZsg=
18,-8,sLCVq2Gm5qz8ii4V6m2VZFrN4eQ=,4OG/CfphRISIJqw9FhpzGaSE2KY=
21,-9,sLCVq2Gm5qz8ii4V6m2VZFrN4eQ=,aIEMBOhGE0II3nt2B/B6IvXOZsg=
17,-1,sLCVq2Gm5qz8ii4V6m2VZFrN4eQ=,4OG/CfphRISIJqw9FhpzGaSE2KY=
19,-8,sLCVq2Gm5qz8ii4V6m2VZFrN4eQ=,4OG/CfphRISIJqw9FhpzGaSE2KY=
20,-9,sLCVq2Gm5qz8ii4V6m2VZFrN4eQ=,aIEMBOhGE0II3nt2B/B6IvXOZsg=
20,-8,sLCVq2Gm5qz8ii4V6m2VZFrN4eQ=,4OG/CfphRISIJqw9FhpzGaSE2KY=
24,-3,sLCVq2Gm5qz8ii4V6m2VZFrN4eQ=,mzzCDHC7NpTk84A5gZ90T+sI9EM=
21,-8,sLCVq2Gm5qz8ii4V6m2VZFrN4eQ=,4OG/CfphRISIJqw9FhpzGaSE2KY=
18,-9,sLCVq2Gm5qz8ii4V6m2VZFrN4eQ=,aIEMBOhGE0II3nt2B/B6IvXOZsg=
19,-9,sLCVq2Gm5qz8ii4V6m2VZFrN4eQ=,aIEMBOhGE0II3nt2B/B6IvXOZsg=
22,-8,sLCVq2Gm5qz8ii4V6m2VZFrN4eQ=,4OG/CfphRISIJqw9FhpzGaSE2KY=
17,-9,sLCVq2Gm5qz8ii4V6m2VZFrN4eQ=,aIEMBOhGE0II3nt2B/B6IvXOZsg=
16,-9,sLCVq2Gm5qz8ii4V6m2VZFrN4eQ=,aIEMBOhGE0II3nt2B/B6IvXOZsg=
23,-8,sLCVq2Gm5qz8ii4V6m2VZFrN4eQ=,4OG/CfphRISIJqw9FhpzGaSE2KY=
16,-1,sLCVq2Gm5qz8ii4V6m2VZFrN4eQ=,4OG/CfphRISIJqw9FhpzGaSE2KY=
16,-7,sLCVq2Gm5qz8ii4V6m2VZFrN4eQ=,4OG/CfphRISIJqw9FhpzGaSE2KY=
23,-2,sLCVq2Gm5qz8ii4V6m2VZFrN4eQ=,4OG/CfphRISIJqw9FhpzGaSE2KY=
22,-2,sLCVq2Gm5qz8ii4V6m2VZFrN4eQ=,4OG/CfphRISIJqw9FhpzGaSE2KY=
24,-4,47FVTa0T1W3/k5gpyYjRiz9p7JI=,mzzCDHC7NpTk84A5gZ90T+sI9EM=
17,-7,47FVTa0T1W3/k5gpyYjRiz9p7JI=,4OG/CfphRISIJqw9FhpzGaSE2KY=
21,-2,sLCVq2Gm5qz8ii4V6m2VZFrN4eQ=,4OG/CfphRISIJqw9FhpzGaSE2KY=
20,-2,sLCVq2Gm5qz8ii4V6m2VZFrN4eQ=,4OG/CfphRISIJqw9FhpzGaSE2KY=
18,-7,47FVTa0T1W3/k5gpyYjRiz9p7JI=,4OG/CfphRISIJqw9FhpzGaSE2KY=
24,-5,47FVTa0T1W3/k5gpyYjRiz9p7JI=,mzzCDHC7NpTk84A5gZ90T+sI9EM=
19,-2,sLCVq2Gm5qz8ii4V6m2VZFrN4eQ=,4OG/CfphRISIJqw9FhpzGaSE2KY=
24,-1,sLCVq2Gm5qz8ii4V6m2VZFrN4eQ=,mzzCDHC7NpTk84A5gZ90T+sI9EM=
24,-2,47FVTa0T1W3/k5gpyYjRiz9p7JI=,mzzCDHC7NpTk84A5gZ90T+sI9EM=
19,-7,47FVTa0T1W3/k5gpyYjRiz9p7JI=,4OG/CfphRISIJqw9FhpzGaSE2KY=
18,-2,sLCVq2Gm5qz8ii4V6m2VZFrN4eQ=,4OG/CfphRISIJqw9FhpzGaSE2KY=
17,-2,sLCVq2Gm5qz8ii4V6m2VZFrN4eQ=,4OG/CfphRISIJqw9FhpzGaSE2KY=
20,-7,47FVTa0T1W3/k5gpyYjRiz9p7JI=,4OG/CfphRISIJqw9FhpzGaSE2KY=
24,-6,47FVTa0T1W3/k5gpyYjRiz9p7JI=,mzzCDHC7NpTk84A5gZ90T+sI9EM=
24,-7,47FVTa0T1W3/k5gpyYjRiz9p7JI=,mzzCDHC7NpTk84A5gZ90T+sI9EM=
23,-3,sLCVq2Gm5qz8ii4V6m2VZFrN4eQ=,4OG/CfphRISIJqw9FhpzGaSE2KY=
22,-3,sLCVq2Gm5qz8ii4V6m2VZFrN4eQ=,4OG/CfphRISIJqw9FhpzGaSE2KY=
23,-1,sLCVq2Gm5qz8ii4V6m2VZFrN4eQ=,4OG/CfphRISIJqw9FhpzGaSE2KY=
24,-8,sLCVq2Gm5qz8ii4V6m2VZFrN4eQ=,mzzCDHC7NpTk84A5gZ90T+sI9EM=
21,-1,sLCVq2Gm5qz8ii4V6m2VZFrN4eQ=,4OG/CfphRISIJqw9FhpzGaSE2KY=
21,-3,sLCVq2Gm5qz8ii4V6m2VZFrN4eQ=,4OG/CfphRISIJqw9FhpzGaSE2KY=
20,-3,sLCVq2Gm5qz8ii4V6m2VZFrN4eQ=,4OG/CfphRISIJqw9FhpzGaSE2KY=
22,-1,sLCVq2Gm5qz8ii4V6m2VZFrN4eQ=,4OG/CfphRISIJqw9FhpzGaSE2KY=
19,-3,sLCVq2Gm5qz8ii4V6m2VZFrN4eQ=,4OG/CfphRISIJqw9FhpzGaSE2KY=
20,-1,sLCVq2Gm5qz8ii4V6m2VZFrN4eQ=,4OG/CfphRISIJqw9FhpzGaSE2KY=
16,-3,sLCVq2Gm5qz8ii4V6m2VZFrN4eQ=,4OG/CfphRISIJqw9FhpzGaSE2KY=
16,-2,sLCVq2Gm5qz8ii4V6m2VZFrN4eQ=,4OG/CfphRISIJqw9FhpzGaSE2KY=
21,-7,47FVTa0T1W3/k5gpyYjRiz9p7JI=,4OG/CfphRISIJqw9FhpzGaSE2KY=
17,-3,47FVTa0T1W3/k5gpyYjRiz9p7JI=,4OG/CfphRISIJqw9FhpzGaSE2KY=
18,-3,47FVTa0T1W3/k5gpyYjRiz9p7JI=,4OG/CfphRISIJqw9FhpzGaSE2KY=
22,-7,47FVTa0T1W3/k5gpyYjRiz9p7JI=,4OG/CfphRISIJqw9FhpzGaSE2KY=
23,-4,47FVTa0T1W3/k5gpyYjRiz9p7JI=,4OG/CfphRISIJqw9FhpzGaSE2KY=
22,-4,47FVTa0T1W3/k5gpyYjRiz9p7JI=,4OG/CfphRISIJqw9FhpzGaSE2KY=
23,-7,47FVTa0T1W3/k5gpyYjRiz9p7JI=,4OG/CfphRISIJqw9FhpzGaSE2KY=
21,-4,47FVTa0T1W3/k5gpyYjRiz9p7JI=,4OG/CfphRISIJqw9FhpzGaSE2KY=
20,-4,47FVTa0T1W3/k5gpyYjRiz9p7JI=,4OG/CfphRISIJqw9FhpzGaSE2KY=
16,-6,sLCVq2Gm5qz8ii4V6m2VZFrN4eQ=,4OG/CfphRISIJqw9FhpzGaSE2KY=
18,-4,47FVTa0T1W3/k5gpyYjRiz9p7JI=,4OG/CfphRISIJqw9FhpzGaSE2KY=
19,-4,47FVTa0T1W3/k5gpyYjRiz9p7JI=,4OG/CfphRISIJqw9FhpzGaSE2KY=
17,-4,47FVTa0T1W3/k5gpyYjRiz9p7JI=,4OG/CfphRISIJqw9FhpzGaSE2KY=
16,-4,sLCVq2Gm5qz8ii4V6m2VZFrN4eQ=,4OG/CfphRISIJqw9FhpzGaSE2KY=
17,-6,sLCVq2Gm5qz8ii4V6m2VZFrN4eQ=,4OG/CfphRISIJqw9FhpzGaSE2KY=
22,-5,47FVTa0T1W3/k5gpyYjRiz9p7JI=,4OG/CfphRISIJqw9FhpzGaSE2KY=
23,-5,47FVTa0T1W3/k5gpyYjRiz9p7JI=,4OG/CfphRISIJqw9FhpzGaSE2KY=
18,-6,sLCVq2Gm5qz8ii4V6m2VZFrN4eQ=,4OG/CfphRISIJqw9FhpzGaSE2KY=
20,-5,47FVTa0T1W3/k5gpyYjRiz9p7JI=,4OG/CfphRISIJqw9FhpzGaSE2KY=
19,-6,sLCVq2Gm5qz8ii4V6m2VZFrN4eQ=,4OG/CfphRISIJqw9FhpzGaSE2KY=
19,-5,sLCVq2Gm5qz8ii4V6m2VZFrN4eQ=,4OG/CfphRISIJqw9FhpzGaSE2KY=
21,-5,47FVTa0T1W3/k5gpyYjRiz9p7JI=,4OG/CfphRISIJqw9FhpzGaSE2KY=
17,-5,sLCVq2Gm5qz8ii4V6m2VZFrN4eQ=,4OG/CfphRISIJqw9FhpzGaSE2KY=
16,-5,sLCVq2Gm5qz8ii4V6m2VZFrN4eQ=,4OG/CfphRISIJqw9FhpzGaSE2KY=
18,-5,sLCVq2Gm5qz8ii4V6m2VZFrN4eQ=,4OG/CfphRISIJqw9FhpzGaSE2KY=
20,-6,sLCVq2Gm5qz8ii4V6m2VZFrN4eQ=,4OG/CfphRISIJqw9FhpzGaSE2KY=
23,-6,sLCVq2Gm5qz8ii4V6m2VZFrN4eQ=,4OG/CfphRISIJqw9FhpzGaSE2KY=
22,-6,sLCVq2Gm5qz8ii4V6m2VZFrN4eQ=,4OG/CfphRISIJqw9FhpzGaSE2KY=
21,-6,sLCVq2Gm5qz8ii4V6m2VZFrN4eQ=,4OG/CfphRISIJqw9FhpzGaSE2KY=
20,-17,8QFxn31akwOLrvMRpnmuIoiAaTc=,nh242rf0C7OvmjwwEGA0Vwpk/g0=
21,-17,8QFxn31akwOLrvMRpnmuIoiAaTc=,nh242rf0C7OvmjwwEGA0Vwpk/g0=
19,-17,8QFxn31akwOLrvMRpnmuIoiAaTc=,nh242rf0C7OvmjwwEGA0Vwpk/g0=
18,-17,8QFxn31akwOLrvMRpnmuIoiAaTc=,nh242rf0C7OvmjwwEGA0Vwpk/g0=
17,-17,8QFxn31akwOLrvMRpnmuIoiAaTc=,nh242rf0C7OvmjwwEGA0Vwpk/g0=
16,-17,8QFxn31akwOLrvMRpnmuIoiAaTc=,nh242rf0C7OvmjwwEGA0Vwpk/g0=
23,-18,8QFxn31akwOLrvMRpnmuIoiAaTc=,nh242rf0C7OvmjwwEGA0Vwpk/g0=
22,-18,8QFxn31akwOLrvMRpnmuIoiAaTc=,nh242rf0C7OvmjwwEGA0Vwpk/g0=
21,-18,8QFxn31akwOLrvMRpnmuIoiAaTc=,nh242rf0C7OvmjwwEGA0Vwpk/g0=
20,-18,8QFxn31akwOLrvMRpnmuIoiAaTc=,nh242rf0C7OvmjwwEGA0Vwpk/g0=
19,-18,8QFxn31akwOLrvMRpnmuIoiAaTc=,nh242rf0C7OvmjwwEGA0Vwpk/g0=
18,-18,8QFxn31akwOLrvMRpnmuIoiAaTc=,nh242rf0C7OvmjwwEGA0Vwpk/g0=
17,-18,8QFxn31akwOLrvMRpnmuIoiAaTc=,nh242rf0C7OvmjwwEGA0Vwpk/g0=
16,-18,8QFxn31akwOLrvMRpnmuIoiAaTc=,nh242rf0C7OvmjwwEGA0Vwpk/g0=
23,-19,8QFxn31akwOLrvMRpnmuIoiAaTc=,nh242rf0C7OvmjwwEGA0Vwpk/g0=
22,-19,8QFxn31akwOLrvMRpnmuIoiAaTc=,nh242rf0C7OvmjwwEGA0Vwpk/g0=
21,-19,8QFxn31akwOLrvMRpnmuIoiAaTc=,nh242rf0C7OvmjwwEGA0Vwpk/g0=
20,-19,8QFxn31akwOLrvMRpnmuIoiAaTc=,nh242rf0C7OvmjwwEGA0Vwpk/g0=
19,-19,8QFxn31akwOLrvMRpnmuIoiAaTc=,nh242rf0C7OvmjwwEGA0Vwpk/g0=
18,-19,8QFxn31akwOLrvMRpnmuIoiAaTc=,nh242rf0C7OvmjwwEGA0Vwpk/g0=
17,-19,8QFxn31akwOLrvMRpnmuIoiAaTc=,nh242rf0C7OvmjwwEGA0Vwpk/g0=
16,-19,8QFxn31akwOLrvMRpnmuIoiAaTc=,nh242rf0C7OvmjwwEGA0Vwpk/g0=
23,-20,8QFxn31akwOLrvMRpnmuIoiAaTc=,nh242rf0C7OvmjwwEGA0Vwpk/g0=
22,-20,8QFxn31akwOLrvMRpnmuIoiAaTc=,nh242rf0C7OvmjwwEGA0Vwpk/g0=
21,-20,8QFxn31akwOLrvMRpnmuIoiAaTc=,nh242rf0C7OvmjwwEGA0Vwpk/g0=
20,-20,8QFxn31akwOLrvMRpnmuIoiAaTc=,nh242rf0C7OvmjwwEGA0Vwpk/g0=
19,-20,8QFxn31akwOLrvMRpnmuIoiAaTc=,nh242rf0C7OvmjwwEGA0Vwpk/g0=
18,-20,8QFxn31akwOLrvMRpnmuIoiAaTc=,nh242rf0C7OvmjwwEGA0Vwpk/g0=
17,-20,8QFxn31akwOLrvMRpnmuIoiAaTc=,nh242rf0C7OvmjwwEGA0Vwpk/g0=
16,-20,8QFxn31akwOLrvMRpnmuIoiAaTc=,nh242rf0C7OvmjwwEGA0Vwpk/g0=
23,-21,8QFxn31akwOLrvMRpnmuIoiAaTc=,nh242rf0C7OvmjwwEGA0Vwpk/g0=
22,-21,aobx6Tj8mCJiv7rS4cW+yKBiu0w=,nh242rf0C7OvmjwwEGA0Vwpk/g0=
21,-21,aobx6Tj8mCJiv7rS4cW+yKBiu0w=,nh242rf0C7OvmjwwEGA0Vwpk/g0=
19,-21,8QFxn31akwOLrvMRpnmuIoiAaTc=,nh242rf0C7OvmjwwEGA0Vwpk/g0=
18,-21,8QFxn31akwOLrvMRpnmuIoiAaTc=,nh242rf0C7OvmjwwEGA0Vwpk/g0=
17,-21,8QFxn31akwOLrvMRpnmuIoiAaTc=,nh242rf0C7OvmjwwEGA0Vwpk/g0=
16,-21,8QFxn31akwOLrvMRpnmuIoiAaTc=,nh242rf0C7OvmjwwEGA0Vwpk/g0=
20,-21,aobx6Tj8mCJiv7rS4cW+yKBiu0w=,nh242rf0C7OvmjwwEGA0Vwpk/g0=
23,-22,8QFxn31akwOLrvMRpnmuIoiAaTc=,nh242rf0C7OvmjwwEGA0Vwpk/g0=
22,-22,8QFxn31akwOLrvMRpnmuIoiAaTc=,nh242rf0C7OvmjwwEGA0Vwpk/g0=
21,-22,8QFxn31akwOLrvMRpnmuIoiAaTc=,nh242rf0C7OvmjwwEGA0Vwpk/g0=
20,-22,8QFxn31akwOLrvMRpnmuIoiAaTc=,nh242rf0C7OvmjwwEGA0Vwpk/g0=
19,-22,8QFxn31akwOLrvMRpnmuIoiAaTc=,nh242rf0C7OvmjwwEGA0Vwpk/g0=
18,-22,8QFxn31akwOLrvMRpnmuIoiAaTc=,nh242rf0C7OvmjwwEGA0Vwpk/g0=
17,-22,8QFxn31akwOLrvMRpnmuIoiAaTc=,nh242rf0C7OvmjwwEGA0Vwpk/g0=
23,-23,8QFxn31akwOLrvMRpnmuIoiAaTc=,nh242rf0C7OvmjwwEGA0Vwpk/g0=
22,-23,8QFxn31akwOLrvMRpnmuIoiAaTc=,nh242rf0C7OvmjwwEGA0Vwpk/g0=
21,-23,8QFxn31akwOLrvMRpnmuIoiAaTc=,nh242rf0C7OvmjwwEGA0Vwpk/g0=
20,-23,8QFxn31akwOLrvMRpnmuIoiAaTc=,nh242rf0C7OvmjwwEGA0Vwpk/g0=
19,-23,8QFxn31akwOLrvMRpnmuIoiAaTc=,nh242rf0C7OvmjwwEGA0Vwpk/g0=
18,-23,8QFxn31akwOLrvMRpnmuIoiAaTc=,nh242rf0C7OvmjwwEGA0Vwpk/g0=
23,-17,8QFxn31akwOLrvMRpnmuIoiAaTc=,nh242rf0C7OvmjwwEGA0Vwpk/g0=
22,-17,8QFxn31akwOLrvMRpnmuIoiAaTc=,nh242rf0C7OvmjwwEGA0Vwpk/g0=
17,-23,8QFxn31akwOLrvMRpnmuIoiAaTc=,nh242rf0C7OvmjwwEGA0Vwpk/g0=
16,-22,8QFxn31akwOLrvMRpnmuIoiAaTc=,nh242rf0C7OvmjwwEGA0Vwpk/g0=
16,-23,8QFxn31akwOLrvMRpnmuIoiAaTc=,nh242rf0C7OvmjwwEGA0Vwpk/g0=
23,-31,aobx6Tj8mCJiv7rS4cW+yKBiu0w=,vv2CkHtC45TNZd/Um0nZH62h+wY=
22,-31,aobx6Tj8mCJiv7rS4cW+yKBiu0w=,vv2CkHtC45TNZd/Um0nZH62h+wY=
21,-31,aobx6Tj8mCJiv7rS4cW+yKBiu0w=,vv2CkHtC45TNZd/Um0nZH62h+wY=
20,-25,8QFxn31akwOLrvMRpnmuIoiAaTc=,vv2CkHtC45TNZd/Um0nZH62h+wY=
21,-25,8QFxn31akwOLrvMRpnmuIoiAaTc=,vv2CkHtC45TNZd/Um0nZH62h+wY=
22,-25,8QFxn31akwOLrvMRpnmuIoiAaTc=,vv2CkHtC45TNZd/Um0nZH62h+wY=
16,-26,8QFxn31akwOLrvMRpnmuIoiAaTc=,vv2CkHtC45TNZd/Um0nZH62h+wY=
23,-25,8QFxn31akwOLrvMRpnmuIoiAaTc=,vv2CkHtC45TNZd/Um0nZH62h+wY=
19,-25,8QFxn31akwOLrvMRpnmuIoiAaTc=,vv2CkHtC45TNZd/Um0nZH62h+wY=
17,-28,8QFxn31akwOLrvMRpnmuIoiAaTc=,vv2CkHtC45TNZd/Um0nZH62h+wY=
18,-30,aobx6Tj8mCJiv7rS4cW+yKBiu0w=,vv2CkHtC45TNZd/Um0nZH62h+wY=
17,-32,8QFxn31akwOLrvMRpnmuIoiAaTc=,vv2CkHtC45TNZd/Um0nZH62h+wY=
21,-26,aobx6Tj8mCJiv7rS4cW+yKBiu0w=,vv2CkHtC45TNZd/Um0nZH62h+wY=
16,-24,8QFxn31akwOLrvMRpnmuIoiAaTc=,nh242rf0C7OvmjwwEGA0Vwpk/g0=
18,-25,8QFxn31akwOLrvMRpnmuIoiAaTc=,vv2CkHtC45TNZd/Um0nZH62h+wY=
17,-24,8QFxn31akwOLrvMRpnmuIoiAaTc=,nh242rf0C7OvmjwwEGA0Vwpk/g0=
17,-29,aobx6Tj8mCJiv7rS4cW+yKBiu0w=,vv2CkHtC45TNZd/Um0nZH62h+wY=
23,-27,aobx6Tj8mCJiv7rS4cW+yKBiu0w=,vv2CkHtC45TNZd/Um0nZH62h+wY=
17,-30,aobx6Tj8mCJiv7rS4cW+yKBiu0w=,vv2CkHtC45TNZd/Um0nZH62h+wY=
22,-27,aobx6Tj8mCJiv7rS4cW+yKBiu0w=,vv2CkHtC45TNZd/Um0nZH62h+wY=
18,-24,8QFxn31akwOLrvMRpnmuIoiAaTc=,nh242rf0C7OvmjwwEGA0Vwpk/g0=
19,-24,8QFxn31akwOLrvMRpnmuIoiAaTc=,nh242rf0C7OvmjwwEGA0Vwpk/g0=
20,-24,8QFxn31akwOLrvMRpnmuIoiAaTc=,nh242rf0C7OvmjwwEGA0Vwpk/g0=
21,-24,8QFxn31akwOLrvMRpnmuIoiAaTc=,nh242rf0C7OvmjwwEGA0Vwpk/g0=
16,-25,8QFxn31akwOLrvMRpnmuIoiAaTc=,vv2CkHtC45TNZd/Um0nZH62h+wY=
17,-25,8QFxn31akwOLrvMRpnmuIoiAaTc=,vv2CkHtC45TNZd/Um0nZH62h+wY=
20,-26,aobx6Tj8mCJiv7rS4cW+yKBiu0w=,vv2CkHtC45TNZd/Um0nZH62h+wY=
18,-31,aobx6Tj8mCJiv7rS4cW+yKBiu0w=,vv2CkHtC45TNZd/Um0nZH62h+wY=
22,-24,8QFxn31akwOLrvMRpnmuIoiAaTc=,nh242rf0C7OvmjwwEGA0Vwpk/g0=
17,-27,8QFxn31akwOLrvMRpnmuIoiAaTc=,vv2CkHtC45TNZd/Um0nZH62h+wY=
19,-31,aobx6Tj8mCJiv7rS4cW+yKBiu0w=,vv2CkHtC45TNZd/Um0nZH62h+wY=
19,-26,aobx6Tj8mCJiv7rS4cW+yKBiu0w=,vv2CkHtC45TNZd/Um0nZH62h+wY=
20,-31,aobx6Tj8mCJiv7rS4cW+yKBiu0w=,vv2CkHtC45TNZd/Um0nZH62h+wY=
16,-29,8QFxn31akwOLrvMRpnmuIoiAaTc=,vv2CkHtC45TNZd/Um0nZH62h+wY=
23,-28,8QFxn31akwOLrvMRpnmuIoiAaTc=,vv2CkHtC45TNZd/Um0nZH62h+wY=
22,-28,8QFxn31akwOLrvMRpnmuIoiAaTc=,vv2CkHtC45TNZd/Um0nZH62h+wY=
21,-28,8QFxn31akwOLrvMRpnmuIoiAaTc=,vv2CkHtC45TNZd/Um0nZH62h+wY=
18,-32,8QFxn31akwOLrvMRpnmuIoiAaTc=,vv2CkHtC45TNZd/Um0nZH62h+wY=
23,-24,8QFxn31akwOLrvMRpnmuIoiAaTc=,nh242rf0C7OvmjwwEGA0Vwpk/g0=
16,-27,8QFxn31akwOLrvMRpnmuIoiAaTc=,vv2CkHtC45TNZd/Um0nZH62h+wY=
16,-30,8QFxn31akwOLrvMRpnmuIoiAaTc=,vv2CkHtC45TNZd/Um0nZH62h+wY=
19,-30,aobx6Tj8mCJiv7rS4cW+yKBiu0w=,vv2CkHtC45TNZd/Um0nZH62h+wY=
20,-28,8QFxn31akwOLrvMRpnmuIoiAaTc=,vv2CkHtC45TNZd/Um0nZH62h+wY=
19,-28,8QFxn31akwOLrvMRpnmuIoiAaTc=,vv2CkHtC45TNZd/Um0nZH62h+wY=
18,-29,aobx6Tj8mCJiv7rS4cW+yKBiu0w=,vv2CkHtC45TNZd/Um0nZH62h+wY=
17,-31,aobx6Tj8mCJiv7rS4cW+yKBiu0w=,vv2CkHtC45TNZd/Um0nZH62h+wY=
18,-28,8QFxn31akwOLrvMRpnmuIoiAaTc=,vv2CkHtC45TNZd/Um0nZH62h+wY=
19,-29,8QFxn31akwOLrvMRpnmuIoiAaTc=,vv2CkHtC45TNZd/Um0nZH62h+wY=
16,-32,8QFxn31akwOLrvMRpnmuIoiAaTc=,vv2CkHtC45TNZd/Um0nZH62h+wY=
23,-32,8QFxn31akwOLrvMRpnmuIoiAaTc=,vv2CkHtC45TNZd/Um0nZH62h+wY=
16,-31,8QFxn31akwOLrvMRpnmuIoiAaTc=,vv2CkHtC45TNZd/Um0nZH62h+wY=
22,-32,8QFxn31akwOLrvMRpnmuIoiAaTc=,vv2CkHtC45TNZd/Um0nZH62h+wY=
23,-26,aobx6Tj8mCJiv7rS4cW+yKBiu0w=,vv2CkHtC45TNZd/Um0nZH62h+wY=
20,-29,8QFxn31akwOLrvMRpnmuIoiAaTc=,vv2CkHtC45TNZd/Um0nZH62h+wY=
21,-32,8QFxn31akwOLrvMRpnmuIoiAaTc=,vv2CkHtC45TNZd/Um0nZH62h+wY=
20,-30,aobx6Tj8mCJiv7rS4cW+yKBiu0w=,vv2CkHtC45TNZd/Um0nZH62h+wY=
20,-32,8QFxn31akwOLrvMRpnmuIoiAaTc=,vv2CkHtC45TNZd/Um0nZH62h+wY=
20,-27,aobx6Tj8mCJiv7rS4cW+yKBiu0w=,vv2CkHtC45TNZd/Um0nZH62h+wY=
22,-29,8QFxn31akwOLrvMRpnmuIoiAaTc=,vv2CkHtC45TNZd/Um0nZH62h+wY=
23,-29,8QFxn31akwOLrvMRpnmuIoiAaTc=,vv2CkHtC45TNZd/Um0nZH62h+wY=
21,-29,8QFxn31akwOLrvMRpnmuIoiAaTc=,vv2CkHtC45TNZd/Um0nZH62h+wY=
18,-27,8QFxn31akwOLrvMRpnmuIoiAaTc=,vv2CkHtC45TNZd/Um0nZH62h+wY=
22,-26,aobx6Tj8mCJiv7rS4cW+yKBiu0w=,vv2CkHtC45TNZd/Um0nZH62h+wY=
21,-30,aobx6Tj8mCJiv7rS4cW+yKBiu0w=,vv2CkHtC45TNZd/Um0nZH62h+wY=
17,-26,aobx6Tj8mCJiv7rS4cW+yKBiu0w=,vv2CkHtC45TNZd/Um0nZH62h+wY=
19,-32,8QFxn31akwOLrvMRpnmuIoiAaTc=,vv2CkHtC45TNZd/Um0nZH62h+wY=
19,-27,8QFxn31akwOLrvMRpnmuIoiAaTc=,vv2CkHtC45TNZd/Um0nZH62h+wY=
21,-27,aobx6Tj8mCJiv7rS4cW+yKBiu0w=,vv2CkHtC45TNZd/Um0nZH62h+wY=
23,-30,aobx6Tj8mCJiv7rS4cW+yKBiu0w=,vv2CkHtC45TNZd/Um0nZH62h+wY=
16,-28,8QFxn31akwOLrvMRpnmuIoiAaTc=,vv2CkHtC45TNZd/Um0nZH62h+wY=
18,-26,aobx6Tj8mCJiv7rS4cW+yKBiu0w=,vv2CkHtC45TNZd/Um0nZH62h+wY=
22,-30,aobx6Tj8mCJiv7rS4cW+yKBiu0w=,vv2CkHtC45TNZd/Um0nZH62h+wY=
8,-32,LJaPrFTC/8CLC6+v5f8f23vJDgU=,dKi5EC6ZAtvMBTbG3XtU6P8S2zA=
9,-32,LJaPrFTC/8CLC6+v5f8f23vJDgU=,dKi5EC6ZAtvMBTbG3XtU6P8S2zA=
10,-32,LJaPrFTC/8CLC6+v5f8f23vJDgU=,dKi5EC6ZAtvMBTbG3XtU6P8S2zA=
11,-32,LJaPrFTC/8CLC6+v5f8f23vJDgU=,dKi5EC6ZAtvMBTbG3XtU6P8S2zA=
15,-26,LJaPrFTC/8CLC6+v5f8f23vJDgU=,dKi5EC6ZAtvMBTbG3XtU6P8S2zA=
14,-26,LJaPrFTC/8CLC6+v5f8f23vJDgU=,dKi5EC6ZAtvMBTbG3XtU6P8S2zA=
12,-26,LJaPrFTC/8CLC6+v5f8f23vJDgU=,dKi5EC6ZAtvMBTbG3XtU6P8S2zA=
11,-26,LJaPrFTC/8CLC6+v5f8f23vJDgU=,dKi5EC6ZAtvMBTbG3XtU6P8S2zA=
10,-26,LJaPrFTC/8CLC6+v5f8f23vJDgU=,dKi5EC6ZAtvMBTbG3XtU6P8S2zA=
9,-26,LJaPrFTC/8CLC6+v5f8f23vJDgU=,dKi5EC6ZAtvMBTbG3XtU6P8S2zA=
8,-26,LJaPrFTC/8CLC6+v5f8f23vJDgU=,dKi5EC6ZAtvMBTbG3XtU6P8S2zA=
13,-26,LJaPrFTC/8CLC6+v5f8f23vJDgU=,dKi5EC6ZAtvMBTbG3XtU6P8S2zA=
15,-27,LJaPrFTC/8CLC6+v5f8f23vJDgU=,dKi5EC6ZAtvMBTbG3XtU6P8S2zA=
12,-27,LJaPrFTC/8CLC6+v5f8f23vJDgU=,dKi5EC6ZAtvMBTbG3XtU6P8S2zA=
11,-27,LJaPrFTC/8CLC6+v5f8f23vJDgU=,dKi5EC6ZAtvMBTbG3XtU6P8S2zA=
10,-27,LJaPrFTC/8CLC6+v5f8f23vJDgU=,dKi5EC6ZAtvMBTbG3XtU6P8S2zA=
14,-27,LJaPrFTC/8CLC6+v5f8f23vJDgU=,dKi5EC6ZAtvMBTbG3XtU6P8S2zA=
9,-27,LJaPrFTC/8CLC6+v5f8f23vJDgU=,dKi5EC6ZAtvMBTbG3XtU6P8S2zA=
8,-27,LJaPrFTC/8CLC6+v5f8f23vJDgU=,dKi5EC6ZAtvMBTbG3XtU6P8S2zA=
13,-27,LJaPrFTC/8CLC6+v5f8f23vJDgU=,dKi5EC6ZAtvMBTbG3XtU6P8S2zA=
12,-28,LJaPrFTC/8CLC6+v5f8f23vJDgU=,dKi5EC6ZAtvMBTbG3XtU6P8S2zA=
13,-28,LJaPrFTC/8CLC6+v5f8f23vJDgU=,dKi5EC6ZAtvMBTbG3XtU6P8S2zA=
11,-28,LJaPrFTC/8CLC6+v5f8f23vJDgU=,dKi5EC6ZAtvMBTbG3XtU6P8S2zA=
10,-28,LJaPrFTC/8CLC6+v5f8f23vJDgU=,dKi5EC6ZAtvMBTbG3XtU6P8S2zA=
14,-28,LJaPrFTC/8CLC6+v5f8f23vJDgU=,dKi5EC6ZAtvMBTbG3XtU6P8S2zA=
9,-28,LJaPrFTC/8CLC6+v5f8f23vJDgU=,dKi5EC6ZAtvMBTbG3XtU6P8S2zA=
8,-28,LJaPrFTC/8CLC6+v5f8f23vJDgU=,dKi5EC6ZAtvMBTbG3XtU6P8S2zA=
12,-29,LJaPrFTC/8CLC6+v5f8f23vJDgU=,dKi5EC6ZAtvMBTbG3XtU6P8S2zA=
13,-29,LJaPrFTC/8CLC6+v5f8f23vJDgU=,dKi5EC6ZAtvMBTbG3XtU6P8S2zA=
11,-29,LJaPrFTC/8CLC6+v5f8f23vJDgU=,dKi5EC6ZAtvMBTbG3XtU6P8S2zA=
10,-29,LJaPrFTC/8CLC6+v5f8f23vJDgU=,dKi5EC6ZAtvMBTbG3XtU6P8S2zA=
9,-29,LJaPrFTC/8CLC6+v5f8f23vJDgU=,dKi5EC6ZAtvMBTbG3XtU6P8S2zA=
8,-29,LJaPrFTC/8CLC6+v5f8f23vJDgU=,dKi5EC6ZAtvMBTbG3XtU6P8S2zA=
14,-29,LJaPrFTC/8CLC6+v5f8f23vJDgU=,dKi5EC6ZAtvMBTbG3XtU6P8S2zA=
14,-30,LJaPrFTC/8CLC6+v5f8f23vJDgU=,dKi5EC6ZAtvMBTbG3XtU6P8S2zA=
15,-29,LJaPrFTC/8CLC6+v5f8f23vJDgU=,dKi5EC6ZAtvMBTbG3XtU6P8S2zA=
15,-30,LJaPrFTC/8CLC6+v5f8f23vJDgU=,dKi5EC6ZAtvMBTbG3XtU6P8S2zA=
13,-30,LJaPrFTC/8CLC6+v5f8f23vJDgU=,dKi5EC6ZAtvMBTbG3XtU6P8S2zA=
12,-30,LJaPrFTC/8CLC6+v5f8f23vJDgU=,dKi5EC6ZAtvMBTbG3XtU6P8S2zA=
11,-30,LJaPrFTC/8CLC6+v5f8f23vJDgU=,dKi5EC6ZAtvMBTbG3XtU6P8S2zA=
10,-30,LJaPrFTC/8CLC6+v5f8f23vJDgU=,dKi5EC6ZAtvMBTbG3XtU6P8S2zA=
8,-30,LJaPrFTC/8CLC6+v5f8f23vJDgU=,dKi5EC6ZAtvMBTbG3XtU6P8S2zA=
9,-30,LJaPrFTC/8CLC6+v5f8f23vJDgU=,dKi5EC6ZAtvMBTbG3XtU6P8S2zA=
15,-28,LJaPrFTC/8CLC6+v5f8f23vJDgU=,dKi5EC6ZAtvMBTbG3XtU6P8S2zA=
13,-31,LJaPrFTC/8CLC6+v5f8f23vJDgU=,dKi5EC6ZAtvMBTbG3XtU6P8S2zA=
12,-31,LJaPrFTC/8CLC6+v5f8f23vJDgU=,dKi5EC6ZAtvMBTbG3XtU6P8S2zA=
14,-31,LJaPrFTC/8CLC6+v5f8f23vJDgU=,dKi5EC6ZAtvMBTbG3XtU6P8S2zA=
11,-31,LJaPrFTC/8CLC6+v5f8f23vJDgU=,dKi5EC6ZAtvMBTbG3XtU6P8S2zA=
10,-31,LJaPrFTC/8CLC6+v5f8f23vJDgU=,dKi5EC6ZAtvMBTbG3XtU6P8S2zA=
9,-31,LJaPrFTC/8CLC6+v5f8f23vJDgU=,dKi5EC6ZAtvMBTbG3XtU6P8S2zA=
8,-31,LJaPrFTC/8CLC6+v5f8f23vJDgU=,dKi5EC6ZAtvMBTbG3XtU6P8S2zA=
15,-31,LJaPrFTC/8CLC6+v5f8f23vJDgU=,dKi5EC6ZAtvMBTbG3XtU6P8S2zA=
15,-32,LJaPrFTC/8CLC6+v5f8f23vJDgU=,dKi5EC6ZAtvMBTbG3XtU6P8S2zA=
13,-32,LJaPrFTC/8CLC6+v5f8f23vJDgU=,dKi5EC6ZAtvMBTbG3XtU6P8S2zA=
12,-32,LJaPrFTC/8CLC6+v5f8f23vJDgU=,dKi5EC6ZAtvMBTbG3XtU6P8S2zA=
14,-32,LJaPrFTC/8CLC6+v5f8f23vJDgU=,dKi5EC6ZAtvMBTbG3XtU6P8S2zA=
15,-17,LJaPrFTC/8CLC6+v5f8f23vJDgU=,Ht/kLXsXTaopZ29WkOShL9BJtNM=
14,-17,LJaPrFTC/8CLC6+v5f8f23vJDgU=,Ht/kLXsXTaopZ29WkOShL9BJtNM=
11,-24,LJaPrFTC/8CLC6+v5f8f23vJDgU=,Ht/kLXsXTaopZ29WkOShL9BJtNM=
12,-21,LJaPrFTC/8CLC6+v5f8f23vJDgU=,Ht/kLXsXTaopZ29WkOShL9BJtNM=
13,-22,LJaPrFTC/8CLC6+v5f8f23vJDgU=,Ht/kLXsXTaopZ29WkOShL9BJtNM=
11,-25,LJaPrFTC/8CLC6+v5f8f23vJDgU=,dKi5EC6ZAtvMBTbG3XtU6P8S2zA=
10,-25,LJaPrFTC/8CLC6+v5f8f23vJDgU=,dKi5EC6ZAtvMBTbG3XtU6P8S2zA=
12,-24,LJaPrFTC/8CLC6+v5f8f23vJDgU=,Ht/kLXsXTaopZ29WkOShL9BJtNM=
13,-17,LJaPrFTC/8CLC6+v5f8f23vJDgU=,Ht/kLXsXTaopZ29WkOShL9BJtNM=
12,-22,LJaPrFTC/8CLC6+v5f8f23vJDgU=,Ht/kLXsXTaopZ29WkOShL9BJtNM=
12,-17,LJaPrFTC/8CLC6+v5f8f23vJDgU=,Ht/kLXsXTaopZ29WkOShL9BJtNM=
13,-21,LJaPrFTC/8CLC6+v5f8f23vJDgU=,Ht/kLXsXTaopZ29WkOShL9BJtNM=
15,-23,LJaPrFTC/8CLC6+v5f8f23vJDgU=,Ht/kLXsXTaopZ29WkOShL9BJtNM=
12,-25,LJaPrFTC/8CLC6+v5f8f23vJDgU=,dKi5EC6ZAtvMBTbG3XtU6P8S2zA=
11,-22,LJaPrFTC/8CLC6+v5f8f23vJDgU=,Ht/kLXsXTaopZ29WkOShL9BJtNM=
9,-25,LJaPrFTC/8CLC6+v5f8f23vJDgU=,dKi5EC6ZAtvMBTbG3XtU6P8S2zA=
11,-17,LJaPrFTC/8CLC6+v5f8f23vJDgU=,Ht/kLXsXTaopZ29WkOShL9BJtNM=
8,-25,LJaPrFTC/8CLC6+v5f8f23vJDgU=,dKi5EC6ZAtvMBTbG3XtU6P8S2zA=
10,-23,LJaPrFTC/8CLC6+v5f8f23vJDgU=,Ht/kLXsXTaopZ29WkOShL9BJtNM=
9,-22,LJaPrFTC/8CLC6+v5f8f23vJDgU=,Ht/kLXsXTaopZ29WkOShL9BJtNM=
8,-22,LJaPrFTC/8CLC6+v5f8f23vJDgU=,Ht/kLXsXTaopZ29WkOShL9BJtNM=
10,-22,LJaPrFTC/8CLC6+v5f8f23vJDgU=,Ht/kLXsXTaopZ29WkOShL9BJtNM=
10,-17,LJaPrFTC/8CLC6+v5f8f23vJDgU=,Ht/kLXsXTaopZ29WkOShL9BJtNM=
10,-24,LJaPrFTC/8CLC6+v5f8f23vJDgU=,Ht/kLXsXTaopZ29WkOShL9BJtNM=
9,-17,LJaPrFTC/8CLC6+v5f8f23vJDgU=,Ht/kLXsXTaopZ29WkOShL9BJtNM=
11,-23,LJaPrFTC/8CLC6+v5f8f23vJDgU=,Ht/kLXsXTaopZ29WkOShL9BJtNM=
11,-21,LJaPrFTC/8CLC6+v5f8f23vJDgU=,Ht/kLXsXTaopZ29WkOShL9BJtNM=
8,-17,LJaPrFTC/8CLC6+v5f8f23vJDgU=,Ht/kLXsXTaopZ29WkOShL9BJtNM=
15,-18,LJaPrFTC/8CLC6+v5f8f23vJDgU=,Ht/kLXsXTaopZ29WkOShL9BJtNM=
14,-18,LJaPrFTC/8CLC6+v5f8f23vJDgU=,Ht/kLXsXTaopZ29WkOShL9BJtNM=
10,-21,LJaPrFTC/8CLC6+v5f8f23vJDgU=,Ht/kLXsXTaopZ29WkOShL9BJtNM=
12,-23,LJaPrFTC/8CLC6+v5f8f23vJDgU=,Ht/kLXsXTaopZ29WkOShL9BJtNM=
8,-24,LJaPrFTC/8CLC6+v5f8f23vJDgU=,Ht/kLXsXTaopZ29WkOShL9BJtNM=
9,-24,LJaPrFTC/8CLC6+v5f8f23vJDgU=,Ht/kLXsXTaopZ29WkOShL9BJtNM=
13,-18,LJaPrFTC/8CLC6+v5f8f23vJDgU=,Ht/kLXsXTaopZ29WkOShL9BJtNM=
12,-18,LJaPrFTC/8CLC6+v5f8f23vJDgU=,Ht/kLXsXTaopZ29WkOShL9BJtNM=
10,-18,LJaPrFTC/8CLC6+v5f8f23vJDgU=,Ht/kLXsXTaopZ29WkOShL9BJtNM=
9,-23,LJaPrFTC/8CLC6+v5f8f23vJDgU=,Ht/kLXsXTaopZ29WkOShL9BJtNM=
9,-18,LJaPrFTC/8CLC6+v5f8f23vJDgU=,Ht/kLXsXTaopZ29WkOShL9BJtNM=
13,-25,LJaPrFTC/8CLC6+v5f8f23vJDgU=,dKi5EC6ZAtvMBTbG3XtU6P8S2zA=
9,-21,LJaPrFTC/8CLC6+v5f8f23vJDgU=,Ht/kLXsXTaopZ29WkOShL9BJtNM=
8,-18,LJaPrFTC/8CLC6+v5f8f23vJDgU=,Ht/kLXsXTaopZ29WkOShL9BJtNM=
15,-19,LJaPrFTC/8CLC6+v5f8f23vJDgU=,Ht/kLXsXTaopZ29WkOShL9BJtNM=
11,-18,LJaPrFTC/8CLC6+v5f8f23vJDgU=,Ht/kLXsXTaopZ29WkOShL9BJtNM=
14,-19,LJaPrFTC/8CLC6+v5f8f23vJDgU=,Ht/kLXsXTaopZ29WkOShL9BJtNM=
14,-21,LJaPrFTC/8CLC6+v5f8f23vJDgU=,Ht/kLXsXTaopZ29WkOShL9BJtNM=
13,-19,LJaPrFTC/8CLC6+v5f8f23vJDgU=,Ht/kLXsXTaopZ29WkOShL9BJtNM=
12,-19,LJaPrFTC/8CLC6+v5f8f23vJDgU=,Ht/kLXsXTaopZ29WkOShL9BJtNM=
8,-23,LJaPrFTC/8CLC6+v5f8f23vJDgU=,Ht/kLXsXTaopZ29WkOShL9BJtNM=
8,-21,LJaPrFTC/8CLC6+v5f8f23vJDgU=,Ht/kLXsXTaopZ29WkOShL9BJtNM=
14,-25,LJaPrFTC/8CLC6+v5f8f23vJDgU=,dKi5EC6ZAtvMBTbG3XtU6P8S2zA=
15,-21,LJaPrFTC/8CLC6+v5f8f23vJDgU=,Ht/kLXsXTaopZ29WkOShL9BJtNM=
8,-20,LJaPrFTC/8CLC6+v5f8f23vJDgU=,Ht/kLXsXTaopZ29WkOShL9BJtNM=
11,-19,LJaPrFTC/8CLC6+v5f8f23vJDgU=,Ht/kLXsXTaopZ29WkOShL9BJtNM=
10,-19,LJaPrFTC/8CLC6+v5f8f23vJDgU=,Ht/kLXsXTaopZ29WkOShL9BJtNM=
8,-19,LJaPrFTC/8CLC6+v5f8f23vJDgU=,Ht/kLXsXTaopZ29WkOShL9BJtNM=
15,-20,LJaPrFTC/8CLC6+v5f8f23vJDgU=,Ht/kLXsXTaopZ29WkOShL9BJtNM=
9,-19,LJaPrFTC/8CLC6+v5f8f23vJDgU=,Ht/kLXsXTaopZ29WkOShL9BJtNM=
14,-20,LJaPrFTC/8CLC6+v5f8f23vJDgU=,Ht/kLXsXTaopZ29WkOShL9BJtNM=
14,-22,LJaPrFTC/8CLC6+v5f8f23vJDgU=,Ht/kLXsXTaopZ29WkOShL9BJtNM=
13,-20,LJaPrFTC/8CLC6+v5f8f23vJDgU=,Ht/kLXsXTaopZ29WkOShL9BJtNM=
12,-20,LJaPrFTC/8CLC6+v5f8f23vJDgU=,Ht/kLXsXTaopZ29WkOShL9BJtNM=
13,-23,LJaPrFTC/8CLC6+v5f8f23vJDgU=,Ht/kLXsXTaopZ29WkOShL9BJtNM=
11,-20,LJaPrFTC/8CLC6+v5f8f23vJDgU=,Ht/kLXsXTaopZ29WkOShL9BJtNM=
15,-25,LJaPrFTC/8CLC6+v5f8f23vJDgU=,dKi5EC6ZAtvMBTbG3XtU6P8S2zA=
9,-20,LJaPrFTC/8CLC6+v5f8f23vJDgU=,Ht/kLXsXTaopZ29WkOShL9BJtNM=
10,-20,LJaPrFTC/8CLC6+v5f8f23vJDgU=,Ht/kLXsXTaopZ29WkOShL9BJtNM=
13,-24,LJaPrFTC/8CLC6+v5f8f23vJDgU=,Ht/kLXsXTaopZ29WkOShL9BJtNM=
15,-24,LJaPrFTC/8CLC6+v5f8f23vJDgU=,Ht/kLXsXTaopZ29WkOShL9BJtNM=
14,-23,LJaPrFTC/8CLC6+v5f8f23vJDgU=,Ht/kLXsXTaopZ29WkOShL9BJtNM=
15,-22,LJaPrFTC/8CLC6+v5f8f23vJDgU=,Ht/kLXsXTaopZ29WkOShL9BJtNM=
14,-24,LJaPrFTC/8CLC6+v5f8f23vJDgU=,Ht/kLXsXTaopZ29WkOShL9BJtNM=
4,-11,X9MLASRHy5lLo5Ds5aI2bvkHAlY=,SQUiSnG/omeFmLO/xazvC/YBYjw=
3,-11,X9MLASRHy5lLo5Ds5aI2bvkHAlY=,SQUiSnG/omeFmLO/xazvC/YBYjw=
1,-11,X9MLASRHy5lLo5Ds5aI2bvkHAlY=,SQUiSnG/omeFmLO/xazvC/YBYjw=
5,-12,X9MLASRHy5lLo5Ds5aI2bvkHAlY=,SQUiSnG/omeFmLO/xazvC/YBYjw=
4,-12,X9MLASRHy5lLo5Ds5aI2bvkHAlY=,SQUiSnG/omeFmLO/xazvC/YBYjw=
3,-12,X9MLASRHy5lLo5Ds5aI2bvkHAlY=,SQUiSnG/omeFmLO/xazvC/YBYjw=
2,-12,X9MLASRHy5lLo5Ds5aI2bvkHAlY=,SQUiSnG/omeFmLO/xazvC/YBYjw=
1,-12,X9MLASRHy5lLo5Ds5aI2bvkHAlY=,SQUiSnG/omeFmLO/xazvC/YBYjw=
2,-11,X9MLASRHy5lLo5Ds5aI2bvkHAlY=,SQUiSnG/omeFmLO/xazvC/YBYjw=
5,-13,X9MLASRHy5lLo5Ds5aI2bvkHAlY=,SQUiSnG/omeFmLO/xazvC/YBYjw=
4,-13,X9MLASRHy5lLo5Ds5aI2bvkHAlY=,SQUiSnG/omeFmLO/xazvC/YBYjw=
3,-13,X9MLASRHy5lLo5Ds5aI2bvkHAlY=,SQUiSnG/omeFmLO/xazvC/YBYjw=
2,-13,X9MLASRHy5lLo5Ds5aI2bvkHAlY=,SQUiSnG/omeFmLO/xazvC/YBYjw=
1,-13,X9MLASRHy5lLo5Ds5aI2bvkHAlY=,SQUiSnG/omeFmLO/xazvC/YBYjw=
6,-14,X9MLASRHy5lLo5Ds5aI2bvkHAlY=,SQUiSnG/omeFmLO/xazvC/YBYjw=
5,-14,X9MLASRHy5lLo5Ds5aI2bvkHAlY=,SQUiSnG/omeFmLO/xazvC/YBYjw=
4,-14,X9MLASRHy5lLo5Ds5aI2bvkHAlY=,SQUiSnG/omeFmLO/xazvC/YBYjw=
3,-14,X9MLASRHy5lLo5Ds5aI2bvkHAlY=,SQUiSnG/omeFmLO/xazvC/YBYjw=
2,-14,X9MLASRHy5lLo5Ds5aI2bvkHAlY=,SQUiSnG/omeFmLO/xazvC/YBYjw=
1,-14,X9MLASRHy5lLo5Ds5aI2bvkHAlY=,SQUiSnG/omeFmLO/xazvC/YBYjw=
6,-15,X9MLASRHy5lLo5Ds5aI2bvkHAlY=,SQUiSnG/omeFmLO/xazvC/YBYjw=
5,-15,X9MLASRHy5lLo5Ds5aI2bvkHAlY=,SQUiSnG/omeFmLO/xazvC/YBYjw=
4,-15,X9MLASRHy5lLo5Ds5aI2bvkHAlY=,SQUiSnG/omeFmLO/xazvC/YBYjw=
3,-15,X9MLASRHy5lLo5Ds5aI2bvkHAlY=,SQUiSnG/omeFmLO/xazvC/YBYjw=
2,-15,X9MLASRHy5lLo5Ds5aI2bvkHAlY=,SQUiSnG/omeFmLO/xazvC/YBYjw=
1,-15,X9MLASRHy5lLo5Ds5aI2bvkHAlY=,SQUiSnG/omeFmLO/xazvC/YBYjw=
6,-13,X9MLASRHy5lLo5Ds5aI2bvkHAlY=,SQUiSnG/omeFmLO/xazvC/YBYjw=
6,-12,X9MLASRHy5lLo5Ds5aI2bvkHAlY=,SQUiSnG/omeFmLO/xazvC/YBYjw=
6,-10,X9MLASRHy5lLo5Ds5aI2bvkHAlY=,SQUiSnG/omeFmLO/xazvC/YBYjw=
5,-10,X9MLASRHy5lLo5Ds5aI2bvkHAlY=,SQUiSnG/omeFmLO/xazvC/YBYjw=
4,-10,X9MLASRHy5lLo5Ds5aI2bvkHAlY=,SQUiSnG/omeFmLO/xazvC/YBYjw=
2,-10,X9MLASRHy5lLo5Ds5aI2bvkHAlY=,SQUiSnG/omeFmLO/xazvC/YBYjw=
3,-10,X9MLASRHy5lLo5Ds5aI2bvkHAlY=,SQUiSnG/omeFmLO/xazvC/YBYjw=
5,-11,X9MLASRHy5lLo5Ds5aI2bvkHAlY=,SQUiSnG/omeFmLO/xazvC/YBYjw=
1,-10,X9MLASRHy5lLo5Ds5aI2bvkHAlY=,SQUiSnG/omeFmLO/xazvC/YBYjw=
6,-11,X9MLASRHy5lLo5Ds5aI2bvkHAlY=,SQUiSnG/omeFmLO/xazvC/YBYjw=
0,-10,X9MLASRHy5lLo5Ds5aI2bvkHAlY=,SQUiSnG/omeFmLO/xazvC/YBYjw=
0,-15,X9MLASRHy5lLo5Ds5aI2bvkHAlY=,SQUiSnG/omeFmLO/xazvC/YBYjw=
0,-14,X9MLASRHy5lLo5Ds5aI2bvkHAlY=,SQUiSnG/omeFmLO/xazvC/YBYjw=
0,-13,X9MLASRHy5lLo5Ds5aI2bvkHAlY=,SQUiSnG/omeFmLO/xazvC/YBYjw=
0,-12,X9MLASRHy5lLo5Ds5aI2bvkHAlY=,SQUiSnG/omeFmLO/xazvC/YBYjw=
0,-11,X9MLASRHy5lLo5Ds5aI2bvkHAlY=,SQUiSnG/omeFmLO/xazvC/YBYjw=
1,-16,X9MLASRHy5lLo5Ds5aI2bvkHAlY=,SQUiSnG/omeFmLO/xazvC/YBYjw=
2,-16,X9MLASRHy5lLo5Ds5aI2bvkHAlY=,SQUiSnG/omeFmLO/xazvC/YBYjw=
3,-16,X9MLASRHy5lLo5Ds5aI2bvkHAlY=,SQUiSnG/omeFmLO/xazvC/YBYjw=
4,-16,X9MLASRHy5lLo5Ds5aI2bvkHAlY=,SQUiSnG/omeFmLO/xazvC/YBYjw=
5,-16,X9MLASRHy5lLo5Ds5aI2bvkHAlY=,SQUiSnG/omeFmLO/xazvC/YBYjw=
6,-16,X9MLASRHy5lLo5Ds5aI2bvkHAlY=,SQUiSnG/omeFmLO/xazvC/YBYjw=
0,-16,X9MLASRHy5lLo5Ds5aI2bvkHAlY=,SQUiSnG/omeFmLO/xazvC/YBYjw=
7,-11,X9MLASRHy5lLo5Ds5aI2bvkHAlY=,SQUiSnG/omeFmLO/xazvC/YBYjw=
7,-12,X9MLASRHy5lLo5Ds5aI2bvkHAlY=,SQUiSnG/omeFmLO/xazvC/YBYjw=
15,-10,X9MLASRHy5lLo5Ds5aI2bvkHAlY=,3nzXfxjgOOZ3RTN15MFzzdakDws=
14,-10,X9MLASRHy5lLo5Ds5aI2bvkHAlY=,3nzXfxjgOOZ3RTN15MFzzdakDws=
13,-10,X9MLASRHy5lLo5Ds5aI2bvkHAlY=,3nzXfxjgOOZ3RTN15MFzzdakDws=
12,-10,X9MLASRHy5lLo5Ds5aI2bvkHAlY=,3nzXfxjgOOZ3RTN15MFzzdakDws=
7,-13,X9MLASRHy5lLo5Ds5aI2bvkHAlY=,SQUiSnG/omeFmLO/xazvC/YBYjw=
11,-10,X9MLASRHy5lLo5Ds5aI2bvkHAlY=,3nzXfxjgOOZ3RTN15MFzzdakDws=
10,-10,X9MLASRHy5lLo5Ds5aI2bvkHAlY=,3nzXfxjgOOZ3RTN15MFzzdakDws=
9,-10,X9MLASRHy5lLo5Ds5aI2bvkHAlY=,3nzXfxjgOOZ3RTN15MFzzdakDws=
15,-11,X9MLASRHy5lLo5Ds5aI2bvkHAlY=,3nzXfxjgOOZ3RTN15MFzzdakDws=
14,-11,X9MLASRHy5lLo5Ds5aI2bvkHAlY=,3nzXfxjgOOZ3RTN15MFzzdakDws=
13,-11,X9MLASRHy5lLo5Ds5aI2bvkHAlY=,3nzXfxjgOOZ3RTN15MFzzdakDws=
12,-11,X9MLASRHy5lLo5Ds5aI2bvkHAlY=,3nzXfxjgOOZ3RTN15MFzzdakDws=
11,-11,X9MLASRHy5lLo5Ds5aI2bvkHAlY=,3nzXfxjgOOZ3RTN15MFzzdakDws=
10,-11,X9MLASRHy5lLo5Ds5aI2bvkHAlY=,3nzXfxjgOOZ3RTN15MFzzdakDws=
9,-11,X9MLASRHy5lLo5Ds5aI2bvkHAlY=,3nzXfxjgOOZ3RTN15MFzzdakDws=
8,-11,X9MLASRHy5lLo5Ds5aI2bvkHAlY=,3nzXfxjgOOZ3RTN15MFzzdakDws=
15,-12,X9MLASRHy5lLo5Ds5aI2bvkHAlY=,3nzXfxjgOOZ3RTN15MFzzdakDws=
14,-12,X9MLASRHy5lLo5Ds5aI2bvkHAlY=,3nzXfxjgOOZ3RTN15MFzzdakDws=
13,-12,X9MLASRHy5lLo5Ds5aI2bvkHAlY=,3nzXfxjgOOZ3RTN15MFzzdakDws=
12,-12,X9MLASRHy5lLo5Ds5aI2bvkHAlY=,3nzXfxjgOOZ3RTN15MFzzdakDws=
7,-14,X9MLASRHy5lLo5Ds5aI2bvkHAlY=,SQUiSnG/omeFmLO/xazvC/YBYjw=
11,-12,X9MLASRHy5lLo5Ds5aI2bvkHAlY=,3nzXfxjgOOZ3RTN15MFzzdakDws=
9,-12,X9MLASRHy5lLo5Ds5aI2bvkHAlY=,3nzXfxjgOOZ3RTN15MFzzdakDws=
10,-12,X9MLASRHy5lLo5Ds5aI2bvkHAlY=,3nzXfxjgOOZ3RTN15MFzzdakDws=
15,-13,X9MLASRHy5lLo5Ds5aI2bvkHAlY=,3nzXfxjgOOZ3RTN15MFzzdakDws=
14,-13,X9MLASRHy5lLo5Ds5aI2bvkHAlY=,3nzXfxjgOOZ3RTN15MFzzdakDws=
13,-13,X9MLASRHy5lLo5Ds5aI2bvkHAlY=,3nzXfxjgOOZ3RTN15MFzzdakDws=
8,-12,X9MLASRHy5lLo5Ds5aI2bvkHAlY=,3nzXfxjgOOZ3RTN15MFzzdakDws=
12,-13,X9MLASRHy5lLo5Ds5aI2bvkHAlY=,3nzXfxjgOOZ3RTN15MFzzdakDws=
7,-15,X9MLASRHy5lLo5Ds5aI2bvkHAlY=,SQUiSnG/omeFmLO/xazvC/YBYjw=
8,-10,X9MLASRHy5lLo5Ds5aI2bvkHAlY=,3nzXfxjgOOZ3RTN15MFzzdakDws=
10,-13,X9MLASRHy5lLo5Ds5aI2bvkHAlY=,3nzXfxjgOOZ3RTN15MFzzdakDws=
11,-13,X9MLASRHy5lLo5Ds5aI2bvkHAlY=,3nzXfxjgOOZ3RTN15MFzzdakDws=
15,-14,X9MLASRHy5lLo5Ds5aI2bvkHAlY=,3nzXfxjgOOZ3RTN15MFzzdakDws=
14,-14,X9MLASRHy5lLo5Ds5aI2bvkHAlY=,3nzXfxjgOOZ3RTN15MFzzdakDws=
13,-14,X9MLASRHy5lLo5Ds5aI2bvkHAlY=,3nzXfxjgOOZ3RTN15MFzzdakDws=
9,-13,X9MLASRHy5lLo5Ds5aI2bvkHAlY=,3nzXfxjgOOZ3RTN15MFzzdakDws=
8,-13,X9MLASRHy5lLo5Ds5aI2bvkHAlY=,3nzXfxjgOOZ3RTN15MFzzdakDws=
12,-14,X9MLASRHy5lLo5Ds5aI2bvkHAlY=,3nzXfxjgOOZ3RTN15MFzzdakDws=
11,-14,X9MLASRHy5lLo5Ds5aI2bvkHAlY=,3nzXfxjgOOZ3RTN15MFzzdakDws=
10,-14,X9MLASRHy5lLo5Ds5aI2bvkHAlY=,3nzXfxjgOOZ3RTN15MFzzdakDws=
15,-15,X9MLASRHy5lLo5Ds5aI2bvkHAlY=,3nzXfxjgOOZ3RTN15MFzzdakDws=
14,-15,X9MLASRHy5lLo5Ds5aI2bvkHAlY=,3nzXfxjgOOZ3RTN15MFzzdakDws=
8,-14,X9MLASRHy5lLo5Ds5aI2bvkHAlY=,3nzXfxjgOOZ3RTN15MFzzdakDws=
13,-15,X9MLASRHy5lLo5Ds5aI2bvkHAlY=,3nzXfxjgOOZ3RTN15MFzzdakDws=
9,-14,X9MLASRHy5lLo5Ds5aI2bvkHAlY=,3nzXfxjgOOZ3RTN15MFzzdakDws=
8,-16,X9MLASRHy5lLo5Ds5aI2bvkHAlY=,3nzXfxjgOOZ3RTN15MFzzdakDws=
9,-16,X9MLASRHy5lLo5Ds5aI2bvkHAlY=,3nzXfxjgOOZ3RTN15MFzzdakDws=
10,-16,X9MLASRHy5lLo5Ds5aI2bvkHAlY=,3nzXfxjgOOZ3RTN15MFzzdakDws=
11,-16,X9MLASRHy5lLo5Ds5aI2bvkHAlY=,3nzXfxjgOOZ3RTN15MFzzdakDws=
14,-16,X9MLASRHy5lLo5Ds5aI2bvkHAlY=,3nzXfxjgOOZ3RTN15MFzzdakDws=
15,-16,X9MLASRHy5lLo5Ds5aI2bvkHAlY=,3nzXfxjgOOZ3RTN15MFzzdakDws=
7,-10,X9MLASRHy5lLo5Ds5aI2bvkHAlY=,SQUiSnG/omeFmLO/xazvC/YBYjw=
8,-15,X9MLASRHy5lLo5Ds5aI2bvkHAlY=,3nzXfxjgOOZ3RTN15MFzzdakDws=
13,-16,X9MLASRHy5lLo5Ds5aI2bvkHAlY=,3nzXfxjgOOZ3RTN15MFzzdakDws=
7,-16,X9MLASRHy5lLo5Ds5aI2bvkHAlY=,SQUiSnG/omeFmLO/xazvC/YBYjw=
12,-16,X9MLASRHy5lLo5Ds5aI2bvkHAlY=,3nzXfxjgOOZ3RTN15MFzzdakDws=
10,-15,X9MLASRHy5lLo5Ds5aI2bvkHAlY=,3nzXfxjgOOZ3RTN15MFzzdakDws=
9,-15,X9MLASRHy5lLo5Ds5aI2bvkHAlY=,3nzXfxjgOOZ3RTN15MFzzdakDws=
11,-15,X9MLASRHy5lLo5Ds5aI2bvkHAlY=,3nzXfxjgOOZ3RTN15MFzzdakDws=
12,-15,X9MLASRHy5lLo5Ds5aI2bvkHAlY=,3nzXfxjgOOZ3RTN15MFzzdakDws=
4,-5,X9MLASRHy5lLo5Ds5aI2bvkHAlY=,o3gk1sX9sxPp1w0FQIHealb/cJY=
6,-1,X9MLASRHy5lLo5Ds5aI2bvkHAlY=,o3gk1sX9sxPp1w0FQIHealb/cJY=
5,-1,X9MLASRHy5lLo5Ds5aI2bvkHAlY=,o3gk1sX9sxPp1w0FQIHealb/cJY=
3,-5,X9MLASRHy5lLo5Ds5aI2bvkHAlY=,o3gk1sX9sxPp1w0FQIHealb/cJY=
2,-5,X9MLASRHy5lLo5Ds5aI2bvkHAlY=,o3gk1sX9sxPp1w0FQIHealb/cJY=
1,-5,X9MLASRHy5lLo5Ds5aI2bvkHAlY=,o3gk1sX9sxPp1w0FQIHealb/cJY=
0,-5,X9MLASRHy5lLo5Ds5aI2bvkHAlY=,o3gk1sX9sxPp1w0FQIHealb/cJY=
4,-1,X9MLASRHy5lLo5Ds5aI2bvkHAlY=,o3gk1sX9sxPp1w0FQIHealb/cJY=
3,-1,X9MLASRHy5lLo5Ds5aI2bvkHAlY=,o3gk1sX9sxPp1w0FQIHealb/cJY=
5,-5,X9MLASRHy5lLo5Ds5aI2bvkHAlY=,o3gk1sX9sxPp1w0FQIHealb/cJY=
6,-6,X9MLASRHy5lLo5Ds5aI2bvkHAlY=,o3gk1sX9sxPp1w0FQIHealb/cJY=
2,-1,X9MLASRHy5lLo5Ds5aI2bvkHAlY=,o3gk1sX9sxPp1w0FQIHealb/cJY=
1,-1,X9MLASRHy5lLo5Ds5aI2bvkHAlY=,o3gk1sX9sxPp1w0FQIHealb/cJY=
6,-5,X9MLASRHy5lLo5Ds5aI2bvkHAlY=,o3gk1sX9sxPp1w0FQIHealb/cJY=
5,-6,X9MLASRHy5lLo5Ds5aI2bvkHAlY=,o3gk1sX9sxPp1w0FQIHealb/cJY=
4,-6,X9MLASRHy5lLo5Ds5aI2bvkHAlY=,o3gk1sX9sxPp1w0FQIHealb/cJY=
0,-1,X9MLASRHy5lLo5Ds5aI2bvkHAlY=,o3gk1sX9sxPp1w0FQIHealb/cJY=
0,-9,X9MLASRHy5lLo5Ds5aI2bvkHAlY=,SQUiSnG/omeFmLO/xazvC/YBYjw=
1,-9,X9MLASRHy5lLo5Ds5aI2bvkHAlY=,SQUiSnG/omeFmLO/xazvC/YBYjw=
0,-4,X9MLASRHy5lLo5Ds5aI2bvkHAlY=,o3gk1sX9sxPp1w0FQIHealb/cJY=
1,-4,X9MLASRHy5lLo5Ds5aI2bvkHAlY=,o3gk1sX9sxPp1w0FQIHealb/cJY=
2,-4,X9MLASRHy5lLo5Ds5aI2bvkHAlY=,o3gk1sX9sxPp1w0FQIHealb/cJY=
3,-4,X9MLASRHy5lLo5Ds5aI2bvkHAlY=,o3gk1sX9sxPp1w0FQIHealb/cJY=
2,-9,X9MLASRHy5lLo5Ds5aI2bvkHAlY=,SQUiSnG/omeFmLO/xazvC/YBYjw=
4,-4,X9MLASRHy5lLo5Ds5aI2bvkHAlY=,o3gk1sX9sxPp1w0FQIHealb/cJY=
3,-9,X9MLASRHy5lLo5Ds5aI2bvkHAlY=,SQUiSnG/omeFmLO/xazvC/YBYjw=
4,-9,X9MLASRHy5lLo5Ds5aI2bvkHAlY=,SQUiSnG/omeFmLO/xazvC/YBYjw=
5,-9,X9MLASRHy5lLo5Ds5aI2bvkHAlY=,SQUiSnG/omeFmLO/xazvC/YBYjw=
6,-9,X9MLASRHy5lLo5Ds5aI2bvkHAlY=,SQUiSnG/omeFmLO/xazvC/YBYjw=
0,-8,X9MLASRHy5lLo5Ds5aI2bvkHAlY=,o3gk1sX9sxPp1w0FQIHealb/cJY=
1,-8,X9MLASRHy5lLo5Ds5aI2bvkHAlY=,o3gk1sX9sxPp1w0FQIHealb/cJY=
2,-8,X9MLASRHy5lLo5Ds5aI2bvkHAlY=,o3gk1sX9sxPp1w0FQIHealb/cJY=
3,-8,X9MLASRHy5lLo5Ds5aI2bvkHAlY=,o3gk1sX9sxPp1w0FQIHealb/cJY=
12,-1,64jWxtnTFvezOhiX/9W69OE+paI=,OtPwI+Counf4SPOAxG1rTMmwPpM=
4,-8,X9MLASRHy5lLo5Ds5aI2bvkHAlY=,o3gk1sX9sxPp1w0FQIHealb/cJY=
6,-8,X9MLASRHy5lLo5Ds5aI2bvkHAlY=,o3gk1sX9sxPp1w0FQIHealb/cJY=
5,-8,X9MLASRHy5lLo5Ds5aI2bvkHAlY=,o3gk1sX9sxPp1w0FQIHealb/cJY=
5,-4,X9MLASRHy5lLo5Ds5aI2bvkHAlY=,o3gk1sX9sxPp1w0FQIHealb/cJY=
0,-7,X9MLASRHy5lLo5Ds5aI2bvkHAlY=,o3gk1sX9sxPp1w0FQIHealb/cJY=
1,-7,X9MLASRHy5lLo5Ds5aI2bvkHAlY=,o3gk1sX9sxPp1w0FQIHealb/cJY=
13,-1,64jWxtnTFvezOhiX/9W69OE+paI=,OtPwI+Counf4SPOAxG1rTMmwPpM=
6,-4,X9MLASRHy5lLo5Ds5aI2bvkHAlY=,o3gk1sX9sxPp1w0FQIHealb/cJY=
2,-7,X9MLASRHy5lLo5Ds5aI2bvkHAlY=,o3gk1sX9sxPp1w0FQIHealb/cJY=
3,-7,X9MLASRHy5lLo5Ds5aI2bvkHAlY=,o3gk1sX9sxPp1w0FQIHealb/cJY=
0,-3,X9MLASRHy5lLo5Ds5aI2bvkHAlY=,o3gk1sX9sxPp1w0FQIHealb/cJY=
1,-3,X9MLASRHy5lLo5Ds5aI2bvkHAlY=,o3gk1sX9sxPp1w0FQIHealb/cJY=
2,-3,X9MLASRHy5lLo5Ds5aI2bvkHAlY=,o3gk1sX9sxPp1w0FQIHealb/cJY=
3,-3,X9MLASRHy5lLo5Ds5aI2bvkHAlY=,o3gk1sX9sxPp1w0FQIHealb/cJY=
4,-7,X9MLASRHy5lLo5Ds5aI2bvkHAlY=,o3gk1sX9sxPp1w0FQIHealb/cJY=
10,-8,64jWxtnTFvezOhiX/9W69OE+paI=,OtPwI+Counf4SPOAxG1rTMmwPpM=
4,-3,X9MLASRHy5lLo5Ds5aI2bvkHAlY=,o3gk1sX9sxPp1w0FQIHealb/cJY=
6,-7,X9MLASRHy5lLo5Ds5aI2bvkHAlY=,o3gk1sX9sxPp1w0FQIHealb/cJY=
5,-3,X9MLASRHy5lLo5Ds5aI2bvkHAlY=,o3gk1sX9sxPp1w0FQIHealb/cJY=
5,-7,X9MLASRHy5lLo5Ds5aI2bvkHAlY=,o3gk1sX9sxPp1w0FQIHealb/cJY=
0,-2,X9MLASRHy5lLo5Ds5aI2bvkHAlY=,o3gk1sX9sxPp1w0FQIHealb/cJY=
6,-3,X9MLASRHy5lLo5Ds5aI2bvkHAlY=,o3gk1sX9sxPp1w0FQIHealb/cJY=
14,-1,64jWxtnTFvezOhiX/9W69OE+paI=,OtPwI+Counf4SPOAxG1rTMmwPpM=
0,-6,X9MLASRHy5lLo5Ds5aI2bvkHAlY=,o3gk1sX9sxPp1w0FQIHealb/cJY=
1,-6,X9MLASRHy5lLo5Ds5aI2bvkHAlY=,o3gk1sX9sxPp1w0FQIHealb/cJY=
1,-2,X9MLASRHy5lLo5Ds5aI2bvkHAlY=,o3gk1sX9sxPp1w0FQIHealb/cJY=
2,-6,X9MLASRHy5lLo5Ds5aI2bvkHAlY=,o3gk1sX9sxPp1w0FQIHealb/cJY=
3,-6,X9MLASRHy5lLo5Ds5aI2bvkHAlY=,o3gk1sX9sxPp1w0FQIHealb/cJY=
3,-2,X9MLASRHy5lLo5Ds5aI2bvkHAlY=,o3gk1sX9sxPp1w0FQIHealb/cJY=
2,-2,X9MLASRHy5lLo5Ds5aI2bvkHAlY=,o3gk1sX9sxPp1w0FQIHealb/cJY=
11,-8,64jWxtnTFvezOhiX/9W69OE+paI=,OtPwI+Counf4SPOAxG1rTMmwPpM=
4,-2,X9MLASRHy5lLo5Ds5aI2bvkHAlY=,o3gk1sX9sxPp1w0FQIHealb/cJY=
5,-2,X9MLASRHy5lLo5Ds5aI2bvkHAlY=,o3gk1sX9sxPp1w0FQIHealb/cJY=
6,-2,X9MLASRHy5lLo5Ds5aI2bvkHAlY=,o3gk1sX9sxPp1w0FQIHealb/cJY=
9,-4,64jWxtnTFvezOhiX/9W69OE+paI=,OtPwI+Counf4SPOAxG1rTMmwPpM=
11,-1,64jWxtnTFvezOhiX/9W69OE+paI=,OtPwI+Counf4SPOAxG1rTMmwPpM=
8,-2,64jWxtnTFvezOhiX/9W69OE+paI=,OtPwI+Counf4SPOAxG1rTMmwPpM=
7,-1,X9MLASRHy5lLo5Ds5aI2bvkHAlY=,o3gk1sX9sxPp1w0FQIHealb/cJY=
9,-7,64jWxtnTFvezOhiX/9W69OE+paI=,OtPwI+Counf4SPOAxG1rTMmwPpM=
11,-9,X9MLASRHy5lLo5Ds5aI2bvkHAlY=,3nzXfxjgOOZ3RTN15MFzzdakDws=
10,-9,X9MLASRHy5lLo5Ds5aI2bvkHAlY=,3nzXfxjgOOZ3RTN15MFzzdakDws=
13,-2,64jWxtnTFvezOhiX/9W69OE+paI=,OtPwI+Counf4SPOAxG1rTMmwPpM=
7,-5,X9MLASRHy5lLo5Ds5aI2bvkHAlY=,o3gk1sX9sxPp1w0FQIHealb/cJY=
9,-6,64jWxtnTFvezOhiX/9W69OE+paI=,OtPwI+Counf4SPOAxG1rTMmwPpM=
9,-9,X9MLASRHy5lLo5Ds5aI2bvkHAlY=,3nzXfxjgOOZ3RTN15MFzzdakDws=
10,-5,64jWxtnTFvezOhiX/9W69OE+paI=,OtPwI+Counf4SPOAxG1rTMmwPpM=
10,-1,64jWxtnTFvezOhiX/9W69OE+paI=,OtPwI+Counf4SPOAxG1rTMmwPpM=
8,-9,X9MLASRHy5lLo5Ds5aI2bvkHAlY=,3nzXfxjgOOZ3RTN15MFzzdakDws=
9,-1,64jWxtnTFvezOhiX/9W69OE+paI=,OtPwI+Counf4SPOAxG1rTMmwPpM=
7,-6,X9MLASRHy5lLo5Ds5aI2bvkHAlY=,o3gk1sX9sxPp1w0FQIHealb/cJY=
11,-5,64jWxtnTFvezOhiX/9W69OE+paI=,OtPwI+Counf4SPOAxG1rTMmwPpM=
12,-5,64jWxtnTFvezOhiX/9W69OE+paI=,OtPwI+Counf4SPOAxG1rTMmwPpM=
8,-7,64jWxtnTFvezOhiX/9W69OE+paI=,OtPwI+Counf4SPOAxG1rTMmwPpM=
15,-2,64jWxtnTFvezOhiX/9W69OE+paI=,OtPwI+Counf4SPOAxG1rTMmwPpM=
12,-8,64jWxtnTFvezOhiX/9W69OE+paI=,OtPwI+Counf4SPOAxG1rTMmwPpM=
8,-1,64jWxtnTFvezOhiX/9W69OE+paI=,OtPwI+Counf4SPOAxG1rTMmwPpM=
14,-8,64jWxtnTFvezOhiX/9W69OE+paI=,OtPwI+Counf4SPOAxG1rTMmwPpM=
15,-8,64jWxtnTFvezOhiX/9W69OE+paI=,OtPwI+Counf4SPOAxG1rTMmwPpM=
13,-5,64jWxtnTFvezOhiX/9W69OE+paI=,OtPwI+Counf4SPOAxG1rTMmwPpM=
7,-2,X9MLASRHy5lLo5Ds5aI2bvkHAlY=,o3gk1sX9sxPp1w0FQIHealb/cJY=
12,-2,64jWxtnTFvezOhiX/9W69OE+paI=,OtPwI+Counf4SPOAxG1rTMmwPpM=
15,-3,64jWxtnTFvezOhiX/9W69OE+paI=,OtPwI+Counf4SPOAxG1rTMmwPpM=
15,-1,64jWxtnTFvezOhiX/9W69OE+paI=,OtPwI+Counf4SPOAxG1rTMmwPpM=
14,-2,64jWxtnTFvezOhiX/9W69OE+paI=,OtPwI+Counf4SPOAxG1rTMmwPpM=
14,-3,64jWxtnTFvezOhiX/9W69OE+paI=,OtPwI+Counf4SPOAxG1rTMmwPpM=
14,-5,64jWxtnTFvezOhiX/9W69OE+paI=,OtPwI+Counf4SPOAxG1rTMmwPpM=
7,-7,X9MLASRHy5lLo5Ds5aI2bvkHAlY=,o3gk1sX9sxPp1w0FQIHealb/cJY=
8,-6,64jWxtnTFvezOhiX/9W69OE+paI=,OtPwI+Counf4SPOAxG1rTMmwPpM=
11,-7,64jWxtnTFvezOhiX/9W69OE+paI=,OtPwI+Counf4SPOAxG1rTMmwPpM=
12,-9,X9MLASRHy5lLo5Ds5aI2bvkHAlY=,3nzXfxjgOOZ3RTN15MFzzdakDws=
15,-7,64jWxtnTFvezOhiX/9W69OE+paI=,OtPwI+Counf4SPOAxG1rTMmwPpM=
11,-2,64jWxtnTFvezOhiX/9W69OE+paI=,OtPwI+Counf4SPOAxG1rTMmwPpM=
15,-5,64jWxtnTFvezOhiX/9W69OE+paI=,OtPwI+Counf4SPOAxG1rTMmwPpM=
10,-2,64jWxtnTFvezOhiX/9W69OE+paI=,OtPwI+Counf4SPOAxG1rTMmwPpM=
7,-3,X9MLASRHy5lLo5Ds5aI2bvkHAlY=,o3gk1sX9sxPp1w0FQIHealb/cJY=
13,-3,64jWxtnTFvezOhiX/9W69OE+paI=,OtPwI+Counf4SPOAxG1rTMmwPpM=
10,-7,64jWxtnTFvezOhiX/9W69OE+paI=,OtPwI+Counf4SPOAxG1rTMmwPpM=
12,-3,64jWxtnTFvezOhiX/9W69OE+paI=,OtPwI+Counf4SPOAxG1rTMmwPpM=
7,-4,X9MLASRHy5lLo5Ds5aI2bvkHAlY=,o3gk1sX9sxPp1w0FQIHealb/cJY=
8,-4,64jWxtnTFvezOhiX/9W69OE+paI=,OtPwI+Counf4SPOAxG1rTMmwPpM=
14,-7,64jWxtnTFvezOhiX/9W69OE+paI=,OtPwI+Counf4SPOAxG1rTMmwPpM=
11,-3,64jWxtnTFvezOhiX/9W69OE+paI=,OtPwI+Counf4SPOAxG1rTMmwPpM=
10,-3,64jWxtnTFvezOhiX/9W69OE+paI=,OtPwI+Counf4SPOAxG1rTMmwPpM=
9,-8,64jWxtnTFvezOhiX/9W69OE+paI=,OtPwI+Counf4SPOAxG1rTMmwPpM=
7,-8,X9MLASRHy5lLo5Ds5aI2bvkHAlY=,o3gk1sX9sxPp1w0FQIHealb/cJY=
8,-8,64jWxtnTFvezOhiX/9W69OE+paI=,OtPwI+Counf4SPOAxG1rTMmwPpM=
13,-9,X9MLASRHy5lLo5Ds5aI2bvkHAlY=,3nzXfxjgOOZ3RTN15MFzzdakDws=
9,-5,64jWxtnTFvezOhiX/9W69OE+paI=,OtPwI+Counf4SPOAxG1rTMmwPpM=
14,-9,X9MLASRHy5lLo5Ds5aI2bvkHAlY=,3nzXfxjgOOZ3RTN15MFzzdakDws=
13,-7,64jWxtnTFvezOhiX/9W69OE+paI=,OtPwI+Counf4SPOAxG1rTMmwPpM=
8,-5,64jWxtnTFvezOhiX/9W69OE+paI=,OtPwI+Counf4SPOAxG1rTMmwPpM=
9,-2,64jWxtnTFvezOhiX/9W69OE+paI=,OtPwI+Counf4SPOAxG1rTMmwPpM=
12,-7,64jWxtnTFvezOhiX/9W69OE+paI=,OtPwI+Counf4SPOAxG1rTMmwPpM=
13,-8,64jWxtnTFvezOhiX/9W69OE+paI=,OtPwI+Counf4SPOAxG1rTMmwPpM=
9,-3,64jWxtnTFvezOhiX/9W69OE+paI=,OtPwI+Counf4SPOAxG1rTMmwPpM=
15,-6,64jWxtnTFvezOhiX/9W69OE+paI=,OtPwI+Counf4SPOAxG1rTMmwPpM=
8,-3,64jWxtnTFvezOhiX/9W69OE+paI=,OtPwI+Counf4SPOAxG1rTMmwPpM=
14,-6,64jWxtnTFvezOhiX/9W69OE+paI=,OtPwI+Counf4SPOAxG1rTMmwPpM=
15,-4,64jWxtnTFvezOhiX/9W69OE+paI=,OtPwI+Counf4SPOAxG1rTMmwPpM=
10,-6,64jWxtnTFvezOhiX/9W69OE+paI=,OtPwI+Counf4SPOAxG1rTMmwPpM=
13,-6,64jWxtnTFvezOhiX/9W69OE+paI=,OtPwI+Counf4SPOAxG1rTMmwPpM=
12,-6,64jWxtnTFvezOhiX/9W69OE+paI=,OtPwI+Counf4SPOAxG1rTMmwPpM=
14,-4,64jWxtnTFvezOhiX/9W69OE+paI=,OtPwI+Counf4SPOAxG1rTMmwPpM=
15,-9,X9MLASRHy5lLo5Ds5aI2bvkHAlY=,3nzXfxjgOOZ3RTN15MFzzdakDws=
13,-4,64jWxtnTFvezOhiX/9W69OE+paI=,OtPwI+Counf4SPOAxG1rTMmwPpM=
12,-4,64jWxtnTFvezOhiX/9W69OE+paI=,OtPwI+Counf4SPOAxG1rTMmwPpM=
10,-4,64jWxtnTFvezOhiX/9W69OE+paI=,OtPwI+Counf4SPOAxG1rTMmwPpM=
11,-4,64jWxtnTFvezOhiX/9W69OE+paI=,OtPwI+Counf4SPOAxG1rTMmwPpM=
11,-6,64jWxtnTFvezOhiX/9W69OE+paI=,OtPwI+Counf4SPOAxG1rTMmwPpM=
7,-9,X9MLASRHy5lLo5Ds5aI2bvkHAlY=,SQUiSnG/omeFmLO/xazvC/YBYjw=
25,-31,aobx6Tj8mCJiv7rS4cW+yKBiu0w=,4HR8Ya2bJPibVaUeIGivbZhhDLE=
26,-31,aobx6Tj8mCJiv7rS4cW+yKBiu0w=,4HR8Ya2bJPibVaUeIGivbZhhDLE=
27,-31,aobx6Tj8mCJiv7rS4cW+yKBiu0w=,4HR8Ya2bJPibVaUeIGivbZhhDLE=
28,-22,aobx6Tj8mCJiv7rS4cW+yKBiu0w=,OBaICkaCq5ncMo3cR9+L1FzatF4=
28,-25,aobx6Tj8mCJiv7rS4cW+yKBiu0w=,4HR8Ya2bJPibVaUeIGivbZhhDLE=
29,-25,aobx6Tj8mCJiv7rS4cW+yKBiu0w=,4HR8Ya2bJPibVaUeIGivbZhhDLE=
28,-31,aobx6Tj8mCJiv7rS4cW+yKBiu0w=,4HR8Ya2bJPibVaUeIGivbZhhDLE=
30,-25,aobx6Tj8mCJiv7rS4cW+yKBiu0w=,4HR8Ya2bJPibVaUeIGivbZhhDLE=
29,-31,aobx6Tj8mCJiv7rS4cW+yKBiu0w=,4HR8Ya2bJPibVaUeIGivbZhhDLE=
29,-22,aobx6Tj8mCJiv7rS4cW+yKBiu0w=,OBaICkaCq5ncMo3cR9+L1FzatF4=
30,-31,aobx6Tj8mCJiv7rS4cW+yKBiu0w=,4HR8Ya2bJPibVaUeIGivbZhhDLE=
25,-30,aobx6Tj8mCJiv7rS4cW+yKBiu0w=,4HR8Ya2bJPibVaUeIGivbZhhDLE=
26,-30,aobx6Tj8mCJiv7rS4cW+yKBiu0w=,4HR8Ya2bJPibVaUeIGivbZhhDLE=
27,-30,aobx6Tj8mCJiv7rS4cW+yKBiu0w=,4HR8Ya2bJPibVaUeIGivbZhhDLE=
28,-30,aobx6Tj8mCJiv7rS4cW+yKBiu0w=,4HR8Ya2bJPibVaUeIGivbZhhDLE=
29,-30,aobx6Tj8mCJiv7rS4cW+yKBiu0w=,4HR8Ya2bJPibVaUeIGivbZhhDLE=
30,-30,aobx6Tj8mCJiv7rS4cW+yKBiu0w=,4HR8Ya2bJPibVaUeIGivbZhhDLE=
25,-29,aobx6Tj8mCJiv7rS4cW+yKBiu0w=,4HR8Ya2bJPibVaUeIGivbZhhDLE=
26,-29,aobx6Tj8mCJiv7rS4cW+yKBiu0w=,4HR8Ya2bJPibVaUeIGivbZhhDLE=
27,-29,aobx6Tj8mCJiv7rS4cW+yKBiu0w=,4HR8Ya2bJPibVaUeIGivbZhhDLE=
28,-29,aobx6Tj8mCJiv7rS4cW+yKBiu0w=,4HR8Ya2bJPibVaUeIGivbZhhDLE=
29,-29,aobx6Tj8mCJiv7rS4cW+yKBiu0w=,4HR8Ya2bJPibVaUeIGivbZhhDLE=
30,-29,aobx6Tj8mCJiv7rS4cW+yKBiu0w=,4HR8Ya2bJPibVaUeIGivbZhhDLE=
25,-28,aobx6Tj8mCJiv7rS4cW+yKBiu0w=,4HR8Ya2bJPibVaUeIGivbZhhDLE=
26,-28,aobx6Tj8mCJiv7rS4cW+yKBiu0w=,4HR8Ya2bJPibVaUeIGivbZhhDLE=
27,-28,aobx6Tj8mCJiv7rS4cW+yKBiu0w=,4HR8Ya2bJPibVaUeIGivbZhhDLE=
28,-28,aobx6Tj8mCJiv7rS4cW+yKBiu0w=,4HR8Ya2bJPibVaUeIGivbZhhDLE=
29,-28,aobx6Tj8mCJiv7rS4cW+yKBiu0w=,4HR8Ya2bJPibVaUeIGivbZhhDLE=
24,-31,aobx6Tj8mCJiv7rS4cW+yKBiu0w=,4HR8Ya2bJPibVaUeIGivbZhhDLE=
30,-28,aobx6Tj8mCJiv7rS4cW+yKBiu0w=,4HR8Ya2bJPibVaUeIGivbZhhDLE=
25,-27,aobx6Tj8mCJiv7rS4cW+yKBiu0w=,4HR8Ya2bJPibVaUeIGivbZhhDLE=
26,-27,aobx6Tj8mCJiv7rS4cW+yKBiu0w=,4HR8Ya2bJPibVaUeIGivbZhhDLE=
27,-27,aobx6Tj8mCJiv7rS4cW+yKBiu0w=,4HR8Ya2bJPibVaUeIGivbZhhDLE=
28,-27,aobx6Tj8mCJiv7rS4cW+yKBiu0w=,4HR8Ya2bJPibVaUeIGivbZhhDLE=
29,-27,aobx6Tj8mCJiv7rS4cW+yKBiu0w=,4HR8Ya2bJPibVaUeIGivbZhhDLE=
30,-27,aobx6Tj8mCJiv7rS4cW+yKBiu0w=,4HR8Ya2bJPibVaUeIGivbZhhDLE=
25,-26,aobx6Tj8mCJiv7rS4cW+yKBiu0w=,4HR8Ya2bJPibVaUeIGivbZhhDLE=
26,-26,aobx6Tj8mCJiv7rS4cW+yKBiu0w=,4HR8Ya2bJPibVaUeIGivbZhhDLE=
27,-26,aobx6Tj8mCJiv7rS4cW+yKBiu0w=,4HR8Ya2bJPibVaUeIGivbZhhDLE=
28,-26,aobx6Tj8mCJiv7rS4cW+yKBiu0w=,4HR8Ya2bJPibVaUeIGivbZhhDLE=
29,-26,aobx6Tj8mCJiv7rS4cW+yKBiu0w=,4HR8Ya2bJPibVaUeIGivbZhhDLE=
30,-26,8QFxn31akwOLrvMRpnmuIoiAaTc=,4HR8Ya2bJPibVaUeIGivbZhhDLE=
24,-18,8QFxn31akwOLrvMRpnmuIoiAaTc=,OBaICkaCq5ncMo3cR9+L1FzatF4=
24,-30,8QFxn31akwOLrvMRpnmuIoiAaTc=,4HR8Ya2bJPibVaUeIGivbZhhDLE=
24,-29,8QFxn31akwOLrvMRpnmuIoiAaTc=,4HR8Ya2bJPibVaUeIGivbZhhDLE=
24,-24,8QFxn31akwOLrvMRpnmuIoiAaTc=,OBaICkaCq5ncMo3cR9+L1FzatF4=
24,-22,8QFxn31akwOLrvMRpnmuIoiAaTc=,OBaICkaCq5ncMo3cR9+L1FzatF4=
24,-28,8QFxn31akwOLrvMRpnmuIoiAaTc=,4HR8Ya2bJPibVaUeIGivbZhhDLE=
24,-19,8QFxn31akwOLrvMRpnmuIoiAaTc=,OBaICkaCq5ncMo3cR9+L1FzatF4=
24,-27,8QFxn31akwOLrvMRpnmuIoiAaTc=,4HR8Ya2bJPibVaUeIGivbZhhDLE=
24,-26,8QFxn31akwOLrvMRpnmuIoiAaTc=,4HR8Ya2bJPibVaUeIGivbZhhDLE=
28,-17,8QFxn31akwOLrvMRpnmuIoiAaTc=,OBaICkaCq5ncMo3cR9+L1FzatF4=
29,-17,8QFxn31akwOLrvMRpnmuIoiAaTc=,OBaICkaCq5ncMo3cR9+L1FzatF4=
30,-17,8QFxn31akwOLrvMRpnmuIoiAaTc=,OBaICkaCq5ncMo3cR9+L1FzatF4=
24,-17,8QFxn31akwOLrvMRpnmuIoiAaTc=,OBaICkaCq5ncMo3cR9+L1FzatF4=
25,-17,8QFxn31akwOLrvMRpnmuIoiAaTc=,OBaICkaCq5ncMo3cR9+L1FzatF4=
26,-17,8QFxn31akwOLrvMRpnmuIoiAaTc=,OBaICkaCq5ncMo3cR9+L1FzatF4=
27,-17,8QFxn31akwOLrvMRpnmuIoiAaTc=,OBaICkaCq5ncMo3cR9+L1FzatF4=
31,-23,8QFxn31akwOLrvMRpnmuIoiAaTc=,OBaICkaCq5ncMo3cR9+L1FzatF4=
31,-19,8QFxn31akwOLrvMRpnmuIoiAaTc=,OBaICkaCq5ncMo3cR9+L1FzatF4=
31,-20,8QFxn31akwOLrvMRpnmuIoiAaTc=,OBaICkaCq5ncMo3cR9+L1FzatF4=
31,-22,8QFxn31akwOLrvMRpnmuIoiAaTc=,OBaICkaCq5ncMo3cR9+L1FzatF4=
31,-21,8QFxn31akwOLrvMRpnmuIoiAaTc=,OBaICkaCq5ncMo3cR9+L1FzatF4=
24,-23,8QFxn31akwOLrvMRpnmuIoiAaTc=,OBaICkaCq5ncMo3cR9+L1FzatF4=
31,-18,8QFxn31akwOLrvMRpnmuIoiAaTc=,OBaICkaCq5ncMo3cR9+L1FzatF4=
31,-25,8QFxn31akwOLrvMRpnmuIoiAaTc=,4HR8Ya2bJPibVaUeIGivbZhhDLE=
31,-31,8QFxn31akwOLrvMRpnmuIoiAaTc=,4HR8Ya2bJPibVaUeIGivbZhhDLE=
31,-24,8QFxn31akwOLrvMRpnmuIoiAaTc=,OBaICkaCq5ncMo3cR9+L1FzatF4=
31,-30,8QFxn31akwOLrvMRpnmuIoiAaTc=,4HR8Ya2bJPibVaUeIGivbZhhDLE=
25,-32,8QFxn31akwOLrvMRpnmuIoiAaTc=,4HR8Ya2bJPibVaUeIGivbZhhDLE=
31,-29,8QFxn31akwOLrvMRpnmuIoiAaTc=,4HR8Ya2bJPibVaUeIGivbZhhDLE=
26,-32,8QFxn31akwOLrvMRpnmuIoiAaTc=,4HR8Ya2bJPibVaUeIGivbZhhDLE=
31,-28,8QFxn31akwOLrvMRpnmuIoiAaTc=,4HR8Ya2bJPibVaUeIGivbZhhDLE=
27,-32,8QFxn31akwOLrvMRpnmuIoiAaTc=,4HR8Ya2bJPibVaUeIGivbZhhDLE=
31,-27,8QFxn31akwOLrvMRpnmuIoiAaTc=,4HR8Ya2bJPibVaUeIGivbZhhDLE=
28,-32,8QFxn31akwOLrvMRpnmuIoiAaTc=,4HR8Ya2bJPibVaUeIGivbZhhDLE=
31,-26,8QFxn31akwOLrvMRpnmuIoiAaTc=,4HR8Ya2bJPibVaUeIGivbZhhDLE=
29,-32,8QFxn31akwOLrvMRpnmuIoiAaTc=,4HR8Ya2bJPibVaUeIGivbZhhDLE=
30,-32,8QFxn31akwOLrvMRpnmuIoiAaTc=,4HR8Ya2bJPibVaUeIGivbZhhDLE=
27,-25,8QFxn31akwOLrvMRpnmuIoiAaTc=,4HR8Ya2bJPibVaUeIGivbZhhDLE=
24,-21,8QFxn31akwOLrvMRpnmuIoiAaTc=,OBaICkaCq5ncMo3cR9+L1FzatF4=
24,-32,8QFxn31akwOLrvMRpnmuIoiAaTc=,4HR8Ya2bJPibVaUeIGivbZhhDLE=
24,-20,8QFxn31akwOLrvMRpnmuIoiAaTc=,OBaICkaCq5ncMo3cR9+L1FzatF4=
31,-32,8QFxn31akwOLrvMRpnmuIoiAaTc=,4HR8Ya2bJPibVaUeIGivbZhhDLE=
26,-25,8QFxn31akwOLrvMRpnmuIoiAaTc=,4HR8Ya2bJPibVaUeIGivbZhhDLE=
24,-25,8QFxn31akwOLrvMRpnmuIoiAaTc=,4HR8Ya2bJPibVaUeIGivbZhhDLE=
31,-17,8QFxn31akwOLrvMRpnmuIoiAaTc=,OBaICkaCq5ncMo3cR9+L1FzatF4=
27,-22,8QFxn31akwOLrvMRpnmuIoiAaTc=,OBaICkaCq5ncMo3cR9+L1FzatF4=
25,-25,8QFxn31akwOLrvMRpnmuIoiAaTc=,4HR8Ya2bJPibVaUeIGivbZhhDLE=
25,-20,8QFxn31akwOLrvMRpnmuIoiAaTc=,OBaICkaCq5ncMo3cR9+L1FzatF4=
27,-21,8QFxn31akwOLrvMRpnmuIoiAaTc=,OBaICkaCq5ncMo3cR9+L1FzatF4=
26,-23,8QFxn31akwOLrvMRpnmuIoiAaTc=,OBaICkaCq5ncMo3cR9+L1FzatF4=
29,-18,8QFxn31akwOLrvMRpnmuIoiAaTc=,OBaICkaCq5ncMo3cR9+L1FzatF4=
26,-21,8QFxn31akwOLrvMRpnmuIoiAaTc=,OBaICkaCq5ncMo3cR9+L1FzatF4=
30,-18,8QFxn31akwOLrvMRpnmuIoiAaTc=,OBaICkaCq5ncMo3cR9+L1FzatF4=
26,-24,8QFxn31akwOLrvMRpnmuIoiAaTc=,OBaICkaCq5ncMo3cR9+L1FzatF4=
25,-23,8QFxn31akwOLrvMRpnmuIoiAaTc=,OBaICkaCq5ncMo3cR9+L1FzatF4=
25,-21,8QFxn31akwOLrvMRpnmuIoiAaTc=,OBaICkaCq5ncMo3cR9+L1FzatF4=
30,-21,8QFxn31akwOLrvMRpnmuIoiAaTc=,OBaICkaCq5ncMo3cR9+L1FzatF4=
28,-18,8QFxn31akwOLrvMRpnmuIoiAaTc=,OBaICkaCq5ncMo3cR9+L1FzatF4=
30,-24,8QFxn31akwOLrvMRpnmuIoiAaTc=,OBaICkaCq5ncMo3cR9+L1FzatF4=
25,-24,8QFxn31akwOLrvMRpnmuIoiAaTc=,OBaICkaCq5ncMo3cR9+L1FzatF4=
27,-18,8QFxn31akwOLrvMRpnmuIoiAaTc=,OBaICkaCq5ncMo3cR9+L1FzatF4=
25,-19,8QFxn31akwOLrvMRpnmuIoiAaTc=,OBaICkaCq5ncMo3cR9+L1FzatF4=
29,-21,8QFxn31akwOLrvMRpnmuIoiAaTc=,OBaICkaCq5ncMo3cR9+L1FzatF4=
30,-22,8QFxn31akwOLrvMRpnmuIoiAaTc=,OBaICkaCq5ncMo3cR9+L1FzatF4=
30,-20,8QFxn31akwOLrvMRpnmuIoiAaTc=,OBaICkaCq5ncMo3cR9+L1FzatF4=
26,-18,8QFxn31akwOLrvMRpnmuIoiAaTc=,OBaICkaCq5ncMo3cR9+L1FzatF4=
29,-24,8QFxn31akwOLrvMRpnmuIoiAaTc=,OBaICkaCq5ncMo3cR9+L1FzatF4=
28,-20,8QFxn31akwOLrvMRpnmuIoiAaTc=,OBaICkaCq5ncMo3cR9+L1FzatF4=
29,-20,8QFxn31akwOLrvMRpnmuIoiAaTc=,OBaICkaCq5ncMo3cR9+L1FzatF4=
27,-20,8QFxn31akwOLrvMRpnmuIoiAaTc=,OBaICkaCq5ncMo3cR9+L1FzatF4=
27,-23,8QFxn31akwOLrvMRpnmuIoiAaTc=,OBaICkaCq5ncMo3cR9+L1FzatF4=
25,-18,8QFxn31akwOLrvMRpnmuIoiAaTc=,OBaICkaCq5ncMo3cR9+L1FzatF4=
26,-22,8QFxn31akwOLrvMRpnmuIoiAaTc=,OBaICkaCq5ncMo3cR9+L1FzatF4=
26,-20,8QFxn31akwOLrvMRpnmuIoiAaTc=,OBaICkaCq5ncMo3cR9+L1FzatF4=
28,-21,8QFxn31akwOLrvMRpnmuIoiAaTc=,OBaICkaCq5ncMo3cR9+L1FzatF4=
25,-22,8QFxn31akwOLrvMRpnmuIoiAaTc=,OBaICkaCq5ncMo3cR9+L1FzatF4=
28,-24,8QFxn31akwOLrvMRpnmuIoiAaTc=,OBaICkaCq5ncMo3cR9+L1FzatF4=
30,-19,8QFxn31akwOLrvMRpnmuIoiAaTc=,OBaICkaCq5ncMo3cR9+L1FzatF4=
29,-23,8QFxn31akwOLrvMRpnmuIoiAaTc=,OBaICkaCq5ncMo3cR9+L1FzatF4=
30,-23,8QFxn31akwOLrvMRpnmuIoiAaTc=,OBaICkaCq5ncMo3cR9+L1FzatF4=
27,-24,8QFxn31akwOLrvMRpnmuIoiAaTc=,OBaICkaCq5ncMo3cR9+L1FzatF4=
28,-23,8QFxn31akwOLrvMRpnmuIoiAaTc=,OBaICkaCq5ncMo3cR9+L1FzatF4=
29,-19,8QFxn31akwOLrvMRpnmuIoiAaTc=,OBaICkaCq5ncMo3cR9+L1FzatF4=
28,-19,8QFxn31akwOLrvMRpnmuIoiAaTc=,OBaICkaCq5ncMo3cR9+L1FzatF4=
26,-19,8QFxn31akwOLrvMRpnmuIoiAaTc=,OBaICkaCq5ncMo3cR9+L1FzatF4=
27,-19,8QFxn31akwOLrvMRpnmuIoiAaTc=,OBaICkaCq5ncMo3cR9+L1FzatF4=
4,-21,LJaPrFTC/8CLC6+v5f8f23vJDgU=,gZpHJWlMaVFMNWbwKyc69r6k454=
5,-21,LJaPrFTC/8CLC6+v5f8f23vJDgU=,gZpHJWlMaVFMNWbwKyc69r6k454=
6,-21,LJaPrFTC/8CLC6+v5f8f23vJDgU=,gZpHJWlMaVFMNWbwKyc69r6k454=
7,-21,LJaPrFTC/8CLC6+v5f8f23vJDgU=,gZpHJWlMaVFMNWbwKyc69r6k454=
1,-20,LJaPrFTC/8CLC6+v5f8f23vJDgU=,gZpHJWlMaVFMNWbwKyc69r6k454=
4,-27,LJaPrFTC/8CLC6+v5f8f23vJDgU=,Fd3Mq2yrVqBf2WUedwuv6rPUdCo=
5,-27,LJaPrFTC/8CLC6+v5f8f23vJDgU=,Fd3Mq2yrVqBf2WUedwuv6rPUdCo=
6,-27,LJaPrFTC/8CLC6+v5f8f23vJDgU=,Fd3Mq2yrVqBf2WUedwuv6rPUdCo=
1,-26,LJaPrFTC/8CLC6+v5f8f23vJDgU=,Fd3Mq2yrVqBf2WUedwuv6rPUdCo=
2,-26,LJaPrFTC/8CLC6+v5f8f23vJDgU=,Fd3Mq2yrVqBf2WUedwuv6rPUdCo=
3,-26,LJaPrFTC/8CLC6+v5f8f23vJDgU=,Fd3Mq2yrVqBf2WUedwuv6rPUdCo=
4,-26,LJaPrFTC/8CLC6+v5f8f23vJDgU=,Fd3Mq2yrVqBf2WUedwuv6rPUdCo=
5,-26,LJaPrFTC/8CLC6+v5f8f23vJDgU=,Fd3Mq2yrVqBf2WUedwuv6rPUdCo=
6,-26,LJaPrFTC/8CLC6+v5f8f23vJDgU=,Fd3Mq2yrVqBf2WUedwuv6rPUdCo=
1,-25,LJaPrFTC/8CLC6+v5f8f23vJDgU=,Fd3Mq2yrVqBf2WUedwuv6rPUdCo=
3,-21,LJaPrFTC/8CLC6+v5f8f23vJDgU=,gZpHJWlMaVFMNWbwKyc69r6k454=
2,-25,LJaPrFTC/8CLC6+v5f8f23vJDgU=,Fd3Mq2yrVqBf2WUedwuv6rPUdCo=
3,-25,LJaPrFTC/8CLC6+v5f8f23vJDgU=,Fd3Mq2yrVqBf2WUedwuv6rPUdCo=
2,-21,LJaPrFTC/8CLC6+v5f8f23vJDgU=,gZpHJWlMaVFMNWbwKyc69r6k454=
4,-25,LJaPrFTC/8CLC6+v5f8f23vJDgU=,Fd3Mq2yrVqBf2WUedwuv6rPUdCo=
5,-25,LJaPrFTC/8CLC6+v5f8f23vJDgU=,Fd3Mq2yrVqBf2WUedwuv6rPUdCo=
1,-21,LJaPrFTC/8CLC6+v5f8f23vJDgU=,gZpHJWlMaVFMNWbwKyc69r6k454=
6,-25,LJaPrFTC/8CLC6+v5f8f23vJDgU=,Fd3Mq2yrVqBf2WUedwuv6rPUdCo=
1,-24,LJaPrFTC/8CLC6+v5f8f23vJDgU=,gZpHJWlMaVFMNWbwKyc69r6k454=
7,-22,LJaPrFTC/8CLC6+v5f8f23vJDgU=,gZpHJWlMaVFMNWbwKyc69r6k454=
1,-31,LJaPrFTC/8CLC6+v5f8f23vJDgU=,Fd3Mq2yrVqBf2WUedwuv6rPUdCo=
3,-27,LJaPrFTC/8CLC6+v5f8f23vJDgU=,Fd3Mq2yrVqBf2WUedwuv6rPUdCo=
1,-17,LJaPrFTC/8CLC6+v5f8f23vJDgU=,gZpHJWlMaVFMNWbwKyc69r6k454=
2,-31,LJaPrFTC/8CLC6+v5f8f23vJDgU=,Fd3Mq2yrVqBf2WUedwuv6rPUdCo=
2,-27,LJaPrFTC/8CLC6+v5f8f23vJDgU=,Fd3Mq2yrVqBf2WUedwuv6rPUdCo=
2,-17,LJaPrFTC/8CLC6+v5f8f23vJDgU=,gZpHJWlMaVFMNWbwKyc69r6k454=
2,-24,LJaPrFTC/8CLC6+v5f8f23vJDgU=,gZpHJWlMaVFMNWbwKyc69r6k454=
1,-27,LJaPrFTC/8CLC6+v5f8f23vJDgU=,Fd3Mq2yrVqBf2WUedwuv6rPUdCo=
3,-17,LJaPrFTC/8CLC6+v5f8f23vJDgU=,gZpHJWlMaVFMNWbwKyc69r6k454=
3,-31,LJaPrFTC/8CLC6+v5f8f23vJDgU=,Fd3Mq2yrVqBf2WUedwuv6rPUdCo=
4,-17,LJaPrFTC/8CLC6+v5f8f23vJDgU=,gZpHJWlMaVFMNWbwKyc69r6k454=
4,-31,LJaPrFTC/8CLC6+v5f8f23vJDgU=,Fd3Mq2yrVqBf2WUedwuv6rPUdCo=
6,-22,LJaPrFTC/8CLC6+v5f8f23vJDgU=,gZpHJWlMaVFMNWbwKyc69r6k454=
5,-17,LJaPrFTC/8CLC6+v5f8f23vJDgU=,gZpHJWlMaVFMNWbwKyc69r6k454=
5,-31,LJaPrFTC/8CLC6+v5f8f23vJDgU=,Fd3Mq2yrVqBf2WUedwuv6rPUdCo=
5,-22,LJaPrFTC/8CLC6+v5f8f23vJDgU=,gZpHJWlMaVFMNWbwKyc69r6k454=
6,-17,LJaPrFTC/8CLC6+v5f8f23vJDgU=,gZpHJWlMaVFMNWbwKyc69r6k454=
6,-31,LJaPrFTC/8CLC6+v5f8f23vJDgU=,Fd3Mq2yrVqBf2WUedwuv6rPUdCo=
6,-28,LJaPrFTC/8CLC6+v5f8f23vJDgU=,Fd3Mq2yrVqBf2WUedwuv6rPUdCo=
1,-30,LJaPrFTC/8CLC6+v5f8f23vJDgU=,Fd3Mq2yrVqBf2WUedwuv6rPUdCo=
2,-30,LJaPrFTC/8CLC6+v5f8f23vJDgU=,Fd3Mq2yrVqBf2WUedwuv6rPUdCo=
5,-28,LJaPrFTC/8CLC6+v5f8f23vJDgU=,Fd3Mq2yrVqBf2WUedwuv6rPUdCo=
3,-30,LJaPrFTC/8CLC6+v5f8f23vJDgU=,Fd3Mq2yrVqBf2WUedwuv6rPUdCo=
4,-30,LJaPrFTC/8CLC6+v5f8f23vJDgU=,Fd3Mq2yrVqBf2WUedwuv6rPUdCo=
4,-28,LJaPrFTC/8CLC6+v5f8f23vJDgU=,Fd3Mq2yrVqBf2WUedwuv6rPUdCo=
5,-30,LJaPrFTC/8CLC6+v5f8f23vJDgU=,Fd3Mq2yrVqBf2WUedwuv6rPUdCo=
3,-28,LJaPrFTC/8CLC6+v5f8f23vJDgU=,Fd3Mq2yrVqBf2WUedwuv6rPUdCo=
6,-30,LJaPrFTC/8CLC6+v5f8f23vJDgU=,Fd3Mq2yrVqBf2WUedwuv6rPUdCo=
4,-22,LJaPrFTC/8CLC6+v5f8f23vJDgU=,gZpHJWlMaVFMNWbwKyc69r6k454=
3,-24,LJaPrFTC/8CLC6+v5f8f23vJDgU=,gZpHJWlMaVFMNWbwKyc69r6k454=
7,-27,LJaPrFTC/8CLC6+v5f8f23vJDgU=,Fd3Mq2yrVqBf2WUedwuv6rPUdCo=
2,-28,LJaPrFTC/8CLC6+v5f8f23vJDgU=,Fd3Mq2yrVqBf2WUedwuv6rPUdCo=
4,-24,LJaPrFTC/8CLC6+v5f8f23vJDgU=,gZpHJWlMaVFMNWbwKyc69r6k454=
1,-28,LJaPrFTC/8CLC6+v5f8f23vJDgU=,Fd3Mq2yrVqBf2WUedwuv6rPUdCo=
1,-29,LJaPrFTC/8CLC6+v5f8f23vJDgU=,Fd3Mq2yrVqBf2WUedwuv6rPUdCo=
2,-29,LJaPrFTC/8CLC6+v5f8f23vJDgU=,Fd3Mq2yrVqBf2WUedwuv6rPUdCo=
6,-29,LJaPrFTC/8CLC6+v5f8f23vJDgU=,Fd3Mq2yrVqBf2WUedwuv6rPUdCo=
7,-26,LJaPrFTC/8CLC6+v5f8f23vJDgU=,Fd3Mq2yrVqBf2WUedwuv6rPUdCo=
5,-24,LJaPrFTC/8CLC6+v5f8f23vJDgU=,gZpHJWlMaVFMNWbwKyc69r6k454=
3,-22,LJaPrFTC/8CLC6+v5f8f23vJDgU=,gZpHJWlMaVFMNWbwKyc69r6k454=
3,-29,LJaPrFTC/8CLC6+v5f8f23vJDgU=,Fd3Mq2yrVqBf2WUedwuv6rPUdCo=
5,-29,LJaPrFTC/8CLC6+v5f8f23vJDgU=,Fd3Mq2yrVqBf2WUedwuv6rPUdCo=
4,-29,LJaPrFTC/8CLC6+v5f8f23vJDgU=,Fd3Mq2yrVqBf2WUedwuv6rPUdCo=
6,-24,LJaPrFTC/8CLC6+v5f8f23vJDgU=,gZpHJWlMaVFMNWbwKyc69r6k454=
7,-18,LJaPrFTC/8CLC6+v5f8f23vJDgU=,gZpHJWlMaVFMNWbwKyc69r6k454=
2,-22,LJaPrFTC/8CLC6+v5f8f23vJDgU=,gZpHJWlMaVFMNWbwKyc69r6k454=
1,-22,LJaPrFTC/8CLC6+v5f8f23vJDgU=,gZpHJWlMaVFMNWbwKyc69r6k454=
7,-23,LJaPrFTC/8CLC6+v5f8f23vJDgU=,gZpHJWlMaVFMNWbwKyc69r6k454=
7,-25,LJaPrFTC/8CLC6+v5f8f23vJDgU=,Fd3Mq2yrVqBf2WUedwuv6rPUdCo=
6,-18,LJaPrFTC/8CLC6+v5f8f23vJDgU=,gZpHJWlMaVFMNWbwKyc69r6k454=
7,-17,LJaPrFTC/8CLC6+v5f8f23vJDgU=,gZpHJWlMaVFMNWbwKyc69r6k454=
5,-18,LJaPrFTC/8CLC6+v5f8f23vJDgU=,gZpHJWlMaVFMNWbwKyc69r6k454=
4,-18,LJaPrFTC/8CLC6+v5f8f23vJDgU=,gZpHJWlMaVFMNWbwKyc69r6k454=
7,-31,LJaPrFTC/8CLC6+v5f8f23vJDgU=,Fd3Mq2yrVqBf2WUedwuv6rPUdCo=
3,-18,LJaPrFTC/8CLC6+v5f8f23vJDgU=,gZpHJWlMaVFMNWbwKyc69r6k454=
2,-18,LJaPrFTC/8CLC6+v5f8f23vJDgU=,gZpHJWlMaVFMNWbwKyc69r6k454=
0,-26,LJaPrFTC/8CLC6+v5f8f23vJDgU=,Fd3Mq2yrVqBf2WUedwuv6rPUdCo=
0,-20,LJaPrFTC/8CLC6+v5f8f23vJDgU=,gZpHJWlMaVFMNWbwKyc69r6k454=
0,-31,LJaPrFTC/8CLC6+v5f8f23vJDgU=,Fd3Mq2yrVqBf2WUedwuv6rPUdCo=
7,-30,LJaPrFTC/8CLC6+v5f8f23vJDgU=,Fd3Mq2yrVqBf2WUedwuv6rPUdCo=
1,-18,LJaPrFTC/8CLC6+v5f8f23vJDgU=,gZpHJWlMaVFMNWbwKyc69r6k454=
0,-25,LJaPrFTC/8CLC6+v5f8f23vJDgU=,Fd3Mq2yrVqBf2WUedwuv6rPUdCo=
0,-30,LJaPrFTC/8CLC6+v5f8f23vJDgU=,Fd3Mq2yrVqBf2WUedwuv6rPUdCo=
0,-24,LJaPrFTC/8CLC6+v5f8f23vJDgU=,gZpHJWlMaVFMNWbwKyc69r6k454=
0,-29,LJaPrFTC/8CLC6+v5f8f23vJDgU=,Fd3Mq2yrVqBf2WUedwuv6rPUdCo=
0,-27,LJaPrFTC/8CLC6+v5f8f23vJDgU=,Fd3Mq2yrVqBf2WUedwuv6rPUdCo=
0,-19,LJaPrFTC/8CLC6+v5f8f23vJDgU=,gZpHJWlMaVFMNWbwKyc69r6k454=
0,-28,LJaPrFTC/8CLC6+v5f8f23vJDgU=,Fd3Mq2yrVqBf2WUedwuv6rPUdCo=
0,-23,LJaPrFTC/8CLC6+v5f8f23vJDgU=,gZpHJWlMaVFMNWbwKyc69r6k454=
0,-17,LJaPrFTC/8CLC6+v5f8f23vJDgU=,gZpHJWlMaVFMNWbwKyc69r6k454=
0,-18,LJaPrFTC/8CLC6+v5f8f23vJDgU=,gZpHJWlMaVFMNWbwKyc69r6k454=
0,-22,LJaPrFTC/8CLC6+v5f8f23vJDgU=,gZpHJWlMaVFMNWbwKyc69r6k454=
0,-21,LJaPrFTC/8CLC6+v5f8f23vJDgU=,gZpHJWlMaVFMNWbwKyc69r6k454=
6,-23,LJaPrFTC/8CLC6+v5f8f23vJDgU=,gZpHJWlMaVFMNWbwKyc69r6k454=
7,-24,LJaPrFTC/8CLC6+v5f8f23vJDgU=,gZpHJWlMaVFMNWbwKyc69r6k454=
5,-23,LJaPrFTC/8CLC6+v5f8f23vJDgU=,gZpHJWlMaVFMNWbwKyc69r6k454=
4,-23,LJaPrFTC/8CLC6+v5f8f23vJDgU=,gZpHJWlMaVFMNWbwKyc69r6k454=
3,-23,LJaPrFTC/8CLC6+v5f8f23vJDgU=,gZpHJWlMaVFMNWbwKyc69r6k454=
7,-19,LJaPrFTC/8CLC6+v5f8f23vJDgU=,gZpHJWlMaVFMNWbwKyc69r6k454=
2,-23,LJaPrFTC/8CLC6+v5f8f23vJDgU=,gZpHJWlMaVFMNWbwKyc69r6k454=
7,-29,LJaPrFTC/8CLC6+v5f8f23vJDgU=,Fd3Mq2yrVqBf2WUedwuv6rPUdCo=
1,-32,LJaPrFTC/8CLC6+v5f8f23vJDgU=,Fd3Mq2yrVqBf2WUedwuv6rPUdCo=
1,-23,LJaPrFTC/8CLC6+v5f8f23vJDgU=,gZpHJWlMaVFMNWbwKyc69r6k454=
2,-32,LJaPrFTC/8CLC6+v5f8f23vJDgU=,Fd3Mq2yrVqBf2WUedwuv6rPUdCo=
3,-32,LJaPrFTC/8CLC6+v5f8f23vJDgU=,Fd3Mq2yrVqBf2WUedwuv6rPUdCo=
4,-32,LJaPrFTC/8CLC6+v5f8f23vJDgU=,Fd3Mq2yrVqBf2WUedwuv6rPUdCo=
5,-32,LJaPrFTC/8CLC6+v5f8f23vJDgU=,Fd3Mq2yrVqBf2WUedwuv6rPUdCo=
6,-32,LJaPrFTC/8CLC6+v5f8f23vJDgU=,Fd3Mq2yrVqBf2WUedwuv6rPUdCo=
7,-32,LJaPrFTC/8CLC6+v5f8f23vJDgU=,Fd3Mq2yrVqBf2WUedwuv6rPUdCo=
7,-28,LJaPrFTC/8CLC6+v5f8f23vJDgU=,Fd3Mq2yrVqBf2WUedwuv6rPUdCo=
6,-19,LJaPrFTC/8CLC6+v5f8f23vJDgU=,gZpHJWlMaVFMNWbwKyc69r6k454=
5,-19,LJaPrFTC/8CLC6+v5f8f23vJDgU=,gZpHJWlMaVFMNWbwKyc69r6k454=
0,-32,LJaPrFTC/8CLC6+v5f8f23vJDgU=,Fd3Mq2yrVqBf2WUedwuv6rPUdCo=
3,-19,LJaPrFTC/8CLC6+v5f8f23vJDgU=,gZpHJWlMaVFMNWbwKyc69r6k454=
4,-19,LJaPrFTC/8CLC6+v5f8f23vJDgU=,gZpHJWlMaVFMNWbwKyc69r6k454=
2,-19,LJaPrFTC/8CLC6+v5f8f23vJDgU=,gZpHJWlMaVFMNWbwKyc69r6k454=
1,-19,LJaPrFTC/8CLC6+v5f8f23vJDgU=,gZpHJWlMaVFMNWbwKyc69r6k454=
7,-20,LJaPrFTC/8CLC6+v5f8f23vJDgU=,gZpHJWlMaVFMNWbwKyc69r6k454=
6,-20,LJaPrFTC/8CLC6+v5f8f23vJDgU=,gZpHJWlMaVFMNWbwKyc69r6k454=
4,-20,LJaPrFTC/8CLC6+v5f8f23vJDgU=,gZpHJWlMaVFMNWbwKyc69r6k454=
5,-20,LJaPrFTC/8CLC6+v5f8f23vJDgU=,gZpHJWlMaVFMNWbwKyc69r6k454=
3,-20,LJaPrFTC/8CLC6+v5f8f23vJDgU=,gZpHJWlMaVFMNWbwKyc69r6k454=
2,-20,LJaPrFTC/8CLC6+v5f8f23vJDgU=,gZpHJWlMaVFMNWbwKyc69r6k454=
