-1,-1,vmbkuTAaZ3AqWqST7L4L1R61/o0=,+q7l3Zfa7Sn4Lil8FGcmiVQsB84=
-2,-14,vmbkuTAaZ3AqWqST7L4L1R61/o0=,+q7l3Zfa7Sn4Lil8FGcmiVQsB84=
-2,-1,vmbkuTAaZ3AqWqST7L4L1R61/o0=,+q7l3Zfa7Sn4Lil8FGcmiVQsB84=
-5,-1,vmbkuTAaZ3AqWqST7L4L1R61/o0=,+q7l3Zfa7Sn4Lil8FGcmiVQsB84=
-3,-14,vmbkuTAaZ3AqWqST7L4L1R61/o0=,+q7l3Zfa7Sn4Lil8FGcmiVQsB84=
-13,-16,vmbkuTAaZ3AqWqST7L4L1R61/o0=,+q7l3Zfa7Sn4Lil8FGcmiVQsB84=
-1,-15,vmbkuTAaZ3AqWqST7L4L1R61/o0=,+q7l3Zfa7Sn4Lil8FGcmiVQsB84=
-3,-15,vmbkuTAaZ3AqWqST7L4L1R61/o0=,+q7l3Zfa7Sn4Lil8FGcmiVQsB84=
-2,-15,vmbkuTAaZ3AqWqST7L4L1R61/o0=,+q7l3Zfa7Sn4Lil8FGcmiVQsB84=
-6,-1,vmbkuTAaZ3AqWqST7L4L1R61/o0=,+q7l3Zfa7Sn4Lil8FGcmiVQsB84=
-4,-15,vmbkuTAaZ3AqWqST7L4L1R61/o0=,+q7l3Zfa7Sn4Lil8FGcmiVQsB84=
-6,-15,vmbkuTAaZ3AqWqST7L4L1R61/o0=,+q7l3Zfa7Sn4Lil8FGcmiVQsB84=
-9,-1,vmbkuTAaZ3AqWqST7L4L1R61/o0=,+q7l3Zfa7Sn4Lil8FGcmiVQsB84=
-8,-1,vmbkuTAaZ3AqWqST7L4L1R61/o0=,+q7l3Zfa7Sn4Lil8FGcmiVQsB84=
-11,-1,vmbkuTAaZ3AqWqST7L4L1R61/o0=,+q7l3Zfa7Sn4Lil8FGcmiVQsB84=
-4,-1,vmbkuTAaZ3AqWqST7L4L1R61/o0=,+q7l3Zfa7Sn4Lil8FGcmiVQsB84=
-12,-1,vmbkuTAaZ3AqWqST7L4L1R61/o0=,+q7l3Zfa7Sn4Lil8FGcmiVQsB84=
-13,-1,vmbkuTAaZ3AqWqST7L4L1R61/o0=,+q7l3Zfa7Sn4Lil8FGcmiVQsB84=
-7,-1,vmbkuTAaZ3AqWqST7L4L1R61/o0=,+q7l3Zfa7Sn4Lil8FGcmiVQsB84=
-9,-15,vmbkuTAaZ3AqWqST7L4L1R61/o0=,+q7l3Zfa7Sn4Lil8FGcmiVQsB84=
-15,-15,vmbkuTAaZ3AqWqST7L4L1R61/o0=,+q7l3Zfa7Sn4Lil8FGcmiVQsB84=
-10,-1,vmbkuTAaZ3AqWqST7L4L1R61/o0=,+q7l3Zfa7Sn4Lil8FGcmiVQsB84=
-12,-15,vmbkuTAaZ3AqWqST7L4L1R61/o0=,+q7l3Zfa7Sn4Lil8FGcmiVQsB84=
-1,-2,vmbkuTAaZ3AqWqST7L4L1R61/o0=,+q7l3Zfa7Sn4Lil8FGcmiVQsB84=
-16,-1,vmbkuTAaZ3AqWqST7L4L1R61/o0=,+q7l3Zfa7Sn4Lil8FGcmiVQsB84=
-11,-15,vmbkuTAaZ3AqWqST7L4L1R61/o0=,+q7l3Zfa7Sn4Lil8FGcmiVQsB84=
-14,-15,vmbkuTAaZ3AqWqST7L4L1R61/o0=,+q7l3Zfa7Sn4Lil8FGcmiVQsB84=
-3,-1,vmbkuTAaZ3AqWqST7L4L1R61/o0=,+q7l3Zfa7Sn4Lil8FGcmiVQsB84=
-2,-2,vmbkuTAaZ3AqWqST7L4L1R61/o0=,+q7l3Zfa7Sn4Lil8FGcmiVQsB84=
-14,-16,vmbkuTAaZ3AqWqST7L4L1R61/o0=,+q7l3Zfa7Sn4Lil8FGcmiVQsB84=
-5,-15,vmbkuTAaZ3AqWqST7L4L1R61/o0=,+q7l3Zfa7Sn4Lil8FGcmiVQsB84=
-4,-2,vmbkuTAaZ3AqWqST7L4L1R61/o0=,+q7l3Zfa7Sn4Lil8FGcmiVQsB84=
-5,-2,vmbkuTAaZ3AqWqST7L4L1R61/o0=,+q7l3Zfa7Sn4Lil8FGcmiVQsB84=
-4,-14,vmbkuTAaZ3AqWqST7L4L1R61/o0=,+q7l3Zfa7Sn4Lil8FGcmiVQsB84=
-10,-15,vmbkuTAaZ3AqWqST7L4L1R61/o0=,+q7l3Zfa7Sn4Lil8FGcmiVQsB84=
-8,-2,vmbkuTAaZ3AqWqST7L4L1R61/o0=,+q7l3Zfa7Sn4Lil8FGcmiVQsB84=
-7,-15,vmbkuTAaZ3AqWqST7L4L1R61/o0=,+q7l3Zfa7Sn4Lil8FGcmiVQsB84=
-8,-15,vmbkuTAaZ3AqWqST7L4L1R61/o0=,+q7l3Zfa7Sn4Lil8FGcmiVQsB84=
-9,-2,vmbkuTAaZ3AqWqST7L4L1R61/o0=,+q7l3Zfa7Sn4Lil8FGcmiVQsB84=
-15,-1,vmbkuTAaZ3AqWqST7L4L1R61/o0=,+q7l3Zfa7Sn4Lil8FGcmiVQsB84=
-14,-1,vmbkuTAaZ3AqWqST7L4L1R61/o0=,+q7l3Zfa7Sn4Lil8FGcmiVQsB84=
-11,-2,vmbkuTAaZ3AqWqST7L4L1R61/o0=,+q7l3Zfa7Sn4Lil8FGcmiVQsB84=
-14,-2,vmbkuTAaZ3AqWqST7L4L1R61/o0=,+q7l3Zfa7Sn4Lil8FGcmiVQsB84=
-1,-3,vmbkuTAaZ3AqWqST7L4L1R61/o0=,+q7l3Zfa7Sn4Lil8FGcmiVQsB84=
-13,-15,vmbkuTAaZ3AqWqST7L4L1R61/o0=,+q7l3Zfa7Sn4Lil8FGcmiVQsB84=
-16,-15,vmbkuTAaZ3AqWqST7L4L1R61/o0=,+q7l3Zfa7Sn4Lil8FGcmiVQsB84=
-2,-3,vmbkuTAaZ3AqWqST7L4L1R61/o0=,+q7l3Zfa7Sn4Lil8FGcmiVQsB84=
-16,-2,vmbkuTAaZ3AqWqST7L4L1R61/o0=,+q7l3Zfa7Sn4Lil8FGcmiVQsB84=
-6,-2,vmbkuTAaZ3AqWqST7L4L1R61/o0=,+q7l3Zfa7Sn4Lil8FGcmiVQsB84=
-3,-3,vmbkuTAaZ3AqWqST7L4L1R61/o0=,+q7l3Zfa7Sn4Lil8FGcmiVQsB84=
-13,-2,vmbkuTAaZ3AqWqST7L4L1R61/o0=,+q7l3Zfa7Sn4Lil8FGcmiVQsB84=
-10,-2,vmbkuTAaZ3AqWqST7L4L1R61/o0=,+q7l3Zfa7Sn4Lil8FGcmiVQsB84=
-5,-14,vmbkuTAaZ3AqWqST7L4L1R61/o0=,+q7l3Zfa7Sn4Lil8FGcmiVQsB84=
-12,-2,vmbkuTAaZ3AqWqST7L4L1R61/o0=,+q7l3Zfa7Sn4Lil8FGcmiVQsB84=
-9,-3,syRYzyr50Y+6FIBSdlAgUCUrDlU=,+q7l3Zfa7Sn4Lil8FGcmiVQsB84=
-6,-3,vmbkuTAaZ3AqWqST7L4L1R61/o0=,+q7l3Zfa7Sn4Lil8FGcmiVQsB84=
-3,-2,vmbkuTAaZ3AqWqST7L4L1R61/o0=,+q7l3Zfa7Sn4Lil8FGcmiVQsB84=
-11,-3,syRYzyr50Y+6FIBSdlAgUCUrDlU=,+q7l3Zfa7Sn4Lil8FGcmiVQsB84=
-7,-3,vmbkuTAaZ3AqWqST7L4L1R61/o0=,+q7l3Zfa7Sn4Lil8FGcmiVQsB84=
-1,-16,vmbkuTAaZ3AqWqST7L4L1R61/o0=,+q7l3Zfa7Sn4Lil8FGcmiVQsB84=
-7,-2,vmbkuTAaZ3AqWqST7L4L1R61/o0=,+q7l3Zfa7Sn4Lil8FGcmiVQsB84=
-4,-3,vmbkuTAaZ3AqWqST7L4L1R61/o0=,+q7l3Zfa7Sn4Lil8FGcmiVQsB84=
-10,-3,syRYzyr50Y+6FIBSdlAgUCUrDlU=,+q7l3Zfa7Sn4Lil8FGcmiVQsB84=
-15,-2,vmbkuTAaZ3AqWqST7L4L1R61/o0=,+q7l3Zfa7Sn4Lil8FGcmiVQsB84=
-1,-14,vmbkuTAaZ3AqWqST7L4L1R61/o0=,+q7l3Zfa7Sn4Lil8FGcmiVQsB84=
-8,-3,vmbkuTAaZ3AqWqST7L4L1R61/o0=,+q7l3Zfa7Sn4Lil8FGcmiVQsB84=
-14,-13,vmbkuTAaZ3AqWqST7L4L1R61/o0=,+q7l3Zfa7Sn4Lil8FGcmiVQsB84=
-5,-3,vmbkuTAaZ3AqWqST7L4L1R61/o0=,+q7l3Zfa7Sn4Lil8FGcmiVQsB84=
-15,-13,vmbkuTAaZ3AqWqST7L4L1R61/o0=,+q7l3Zfa7Sn4Lil8FGcmiVQsB84=
-16,-14,vmbkuTAaZ3AqWqST7L4L1R61/o0=,+q7l3Zfa7Sn4Lil8FGcmiVQsB84=
-12,-16,vmbkuTAaZ3AqWqST7L4L1R61/o0=,+q7l3Zfa7Sn4Lil8FGcmiVQsB84=
-13,-13,vmbkuTAaZ3AqWqST7L4L1R61/o0=,+q7l3Zfa7Sn4Lil8FGcmiVQsB84=
-11,-13,vmbkuTAaZ3AqWqST7L4L1R61/o0=,+q7l3Zfa7Sn4Lil8FGcmiVQsB84=
-9,-13,vmbkuTAaZ3AqWqST7L4L1R61/o0=,+q7l3Zfa7Sn4Lil8FGcmiVQsB84=
-16,-13,vmbkuTAaZ3AqWqST7L4L1R61/o0=,+q7l3Zfa7Sn4Lil8FGcmiVQsB84=
-8,-13,vmbkuTAaZ3AqWqST7L4L1R61/o0=,+q7l3Zfa7Sn4Lil8FGcmiVQsB84=
-5,-13,vmbkuTAaZ3AqWqST7L4L1R61/o0=,+q7l3Zfa7Sn4Lil8FGcmiVQsB84=
-12,-13,vmbkuTAaZ3AqWqST7L4L1R61/o0=,+q7l3Zfa7Sn4Lil8FGcmiVQsB84=
-7,-13,vmbkuTAaZ3AqWqST7L4L1R61/o0=,+q7l3Zfa7Sn4Lil8FGcmiVQsB84=
-4,-13,vmbkuTAaZ3AqWqST7L4L1R61/o0=,+q7l3Zfa7Sn4Lil8FGcmiVQsB84=
-10,-13,vmbkuTAaZ3AqWqST7L4L1R61/o0=,+q7l3Zfa7Sn4Lil8FGcmiVQsB84=
-3,-13,vmbkuTAaZ3AqWqST7L4L1R61/o0=,+q7l3Zfa7Sn4Lil8FGcmiVQsB84=
-1,-13,vmbkuTAaZ3AqWqST7L4L1R61/o0=,+q7l3Zfa7Sn4Lil8FGcmiVQsB84=
-6,-13,vmbkuTAaZ3AqWqST7L4L1R61/o0=,+q7l3Zfa7Sn4Lil8FGcmiVQsB84=
-16,-16,syRYzyr50Y+6FIBSdlAgUCUrDlU=,+q7l3Zfa7Sn4Lil8FGcmiVQsB84=
-16,-12,vmbkuTAaZ3AqWqST7L4L1R61/o0=,+q7l3Zfa7Sn4Lil8FGcmiVQsB84=
-14,-12,vmbkuTAaZ3AqWqST7L4L1R61/o0=,+q7l3Zfa7Sn4Lil8FGcmiVQsB84=
-13,-12,vmbkuTAaZ3AqWqST7L4L1R61/o0=,+q7l3Zfa7Sn4Lil8FGcmiVQsB84=
-15,-14,vmbkuTAaZ3AqWqST7L4L1R61/o0=,+q7l3Zfa7Sn4Lil8FGcmiVQsB84=
-14,-14,vmbkuTAaZ3AqWqST7L4L1R61/o0=,+q7l3Zfa7Sn4Lil8FGcmiVQsB84=
-11,-16,vmbkuTAaZ3AqWqST7L4L1R61/o0=,+q7l3Zfa7Sn4Lil8FGcmiVQsB84=
-10,-12,vmbkuTAaZ3AqWqST7L4L1R61/o0=,+q7l3Zfa7Sn4Lil8FGcmiVQsB84=
-9,-12,vmbkuTAaZ3AqWqST7L4L1R61/o0=,+q7l3Zfa7Sn4Lil8FGcmiVQsB84=
-7,-12,vmbkuTAaZ3AqWqST7L4L1R61/o0=,+q7l3Zfa7Sn4Lil8FGcmiVQsB84=
-2,-13,vmbkuTAaZ3AqWqST7L4L1R61/o0=,+q7l3Zfa7Sn4Lil8FGcmiVQsB84=
-6,-12,vmbkuTAaZ3AqWqST7L4L1R61/o0=,+q7l3Zfa7Sn4Lil8FGcmiVQsB84=
-4,-12,vmbkuTAaZ3AqWqST7L4L1R61/o0=,+q7l3Zfa7Sn4Lil8FGcmiVQsB84=
-16,-11,vmbkuTAaZ3AqWqST7L4L1R61/o0=,+q7l3Zfa7Sn4Lil8FGcmiVQsB84=
-15,-12,vmbkuTAaZ3AqWqST7L4L1R61/o0=,+q7l3Zfa7Sn4Lil8FGcmiVQsB84=
-15,-11,vmbkuTAaZ3AqWqST7L4L1R61/o0=,+q7l3Zfa7Sn4Lil8FGcmiVQsB84=
-2,-12,vmbkuTAaZ3AqWqST7L4L1R61/o0=,+q7l3Zfa7Sn4Lil8FGcmiVQsB84=
-14,-11,vmbkuTAaZ3AqWqST7L4L1R61/o0=,+q7l3Zfa7Sn4Lil8FGcmiVQsB84=
-1,-12,vmbkuTAaZ3AqWqST7L4L1R61/o0=,+q7l3Zfa7Sn4Lil8FGcmiVQsB84=
-12,-12,vmbkuTAaZ3AqWqST7L4L1R61/o0=,+q7l3Zfa7Sn4Lil8FGcmiVQsB84=
-9,-16,vmbkuTAaZ3AqWqST7L4L1R61/o0=,+q7l3Zfa7Sn4Lil8FGcmiVQsB84=
-11,-12,vmbkuTAaZ3AqWqST7L4L1R61/o0=,+q7l3Zfa7Sn4Lil8FGcmiVQsB84=
-8,-12,vmbkuTAaZ3AqWqST7L4L1R61/o0=,+q7l3Zfa7Sn4Lil8FGcmiVQsB84=
-9,-11,vmbkuTAaZ3AqWqST7L4L1R61/o0=,+q7l3Zfa7Sn4Lil8FGcmiVQsB84=
-3,-12,vmbkuTAaZ3AqWqST7L4L1R61/o0=,+q7l3Zfa7Sn4Lil8FGcmiVQsB84=
-5,-12,vmbkuTAaZ3AqWqST7L4L1R61/o0=,+q7l3Zfa7Sn4Lil8FGcmiVQsB84=
-6,-11,vmbkuTAaZ3AqWqST7L4L1R61/o0=,+q7l3Zfa7Sn4Lil8FGcmiVQsB84=
-10,-16,vmbkuTAaZ3AqWqST7L4L1R61/o0=,+q7l3Zfa7Sn4Lil8FGcmiVQsB84=
-13,-14,vmbkuTAaZ3AqWqST7L4L1R61/o0=,+q7l3Zfa7Sn4Lil8FGcmiVQsB84=
-3,-11,vmbkuTAaZ3AqWqST7L4L1R61/o0=,+q7l3Zfa7Sn4Lil8FGcmiVQsB84=
-11,-11,vmbkuTAaZ3AqWqST7L4L1R61/o0=,+q7l3Zfa7Sn4Lil8FGcmiVQsB84=
-13,-11,vmbkuTAaZ3AqWqST7L4L1R61/o0=,+q7l3Zfa7Sn4Lil8FGcmiVQsB84=
-16,-10,vmbkuTAaZ3AqWqST7L4L1R61/o0=,+q7l3Zfa7Sn4Lil8FGcmiVQsB84=
-12,-11,vmbkuTAaZ3AqWqST7L4L1R61/o0=,+q7l3Zfa7Sn4Lil8FGcmiVQsB84=
-8,-11,vmbkuTAaZ3AqWqST7L4L1R61/o0=,+q7l3Zfa7Sn4Lil8FGcmiVQsB84=
-7,-11,vmbkuTAaZ3AqWqST7L4L1R61/o0=,+q7l3Zfa7Sn4Lil8FGcmiVQsB84=
-10,-11,vmbkuTAaZ3AqWqST7L4L1R61/o0=,+q7l3Zfa7Sn4Lil8FGcmiVQsB84=
-13,-10,syRYzyr50Y+6FIBSdlAgUCUrDlU=,+q7l3Zfa7Sn4Lil8FGcmiVQsB84=
-8,-16,syRYzyr50Y+6FIBSdlAgUCUrDlU=,+q7l3Zfa7Sn4Lil8FGcmiVQsB84=
-2,-11,vmbkuTAaZ3AqWqST7L4L1R61/o0=,+q7l3Zfa7Sn4Lil8FGcmiVQsB84=
-12,-10,syRYzyr50Y+6FIBSdlAgUCUrDlU=,+q7l3Zfa7Sn4Lil8FGcmiVQsB84=
-11,-10,syRYzyr50Y+6FIBSdlAgUCUrDlU=,+q7l3Zfa7Sn4Lil8FGcmiVQsB84=
-1,-11,vmbkuTAaZ3AqWqST7L4L1R61/o0=,+q7l3Zfa7Sn4Lil8FGcmiVQsB84=
-9,-10,syRYzyr50Y+6FIBSdlAgUCUrDlU=,+q7l3Zfa7Sn4Lil8FGcmiVQsB84=
-4,-10,syRYzyr50Y+6FIBSdlAgUCUrDlU=,+q7l3Zfa7Sn4Lil8FGcmiVQsB84=
-4,-11,vmbkuTAaZ3AqWqST7L4L1R61/o0=,+q7l3Zfa7Sn4Lil8FGcmiVQsB84=
-8,-10,syRYzyr50Y+6FIBSdlAgUCUrDlU=,+q7l3Zfa7Sn4Lil8FGcmiVQsB84=
-3,-10,syRYzyr50Y+6FIBSdlAgUCUrDlU=,+q7l3Zfa7Sn4Lil8FGcmiVQsB84=
-7,-10,syRYzyr50Y+6FIBSdlAgUCUrDlU=,+q7l3Zfa7Sn4Lil8FGcmiVQsB84=
-5,-10,syRYzyr50Y+6FIBSdlAgUCUrDlU=,+q7l3Zfa7Sn4Lil8FGcmiVQsB84=
-12,-14,syRYzyr50Y+6FIBSdlAgUCUrDlU=,+q7l3Zfa7Sn4Lil8FGcmiVQsB84=
-15,-10,vmbkuTAaZ3AqWqST7L4L1R61/o0=,+q7l3Zfa7Sn4Lil8FGcmiVQsB84=
-16,-9,syRYzyr50Y+6FIBSdlAgUCUrDlU=,+q7l3Zfa7Sn4Lil8FGcmiVQsB84=
-14,-10,syRYzyr50Y+6FIBSdlAgUCUrDlU=,+q7l3Zfa7Sn4Lil8FGcmiVQsB84=
-5,-11,vmbkuTAaZ3AqWqST7L4L1R61/o0=,+q7l3Zfa7Sn4Lil8FGcmiVQsB84=
-11,-9,syRYzyr50Y+6FIBSdlAgUCUrDlU=,+q7l3Zfa7Sn4Lil8FGcmiVQsB84=
-10,-10,syRYzyr50Y+6FIBSdlAgUCUrDlU=,+q7l3Zfa7Sn4Lil8FGcmiVQsB84=
-1,-10,syRYzyr50Y+6FIBSdlAgUCUrDlU=,+q7l3Zfa7Sn4Lil8FGcmiVQsB84=
-15,-9,syRYzyr50Y+6FIBSdlAgUCUrDlU=,+q7l3Zfa7Sn4Lil8FGcmiVQsB84=
-2,-10,syRYzyr50Y+6FIBSdlAgUCUrDlU=,+q7l3Zfa7Sn4Lil8FGcmiVQsB84=
-14,-9,syRYzyr50Y+6FIBSdlAgUCUrDlU=,+q7l3Zfa7Sn4Lil8FGcmiVQsB84=
-13,-9,syRYzyr50Y+6FIBSdlAgUCUrDlU=,+q7l3Zfa7Sn4Lil8FGcmiVQsB84=
-11,-14,syRYzyr50Y+6FIBSdlAgUCUrDlU=,+q7l3Zfa7Sn4Lil8FGcmiVQsB84=
-6,-10,syRYzyr50Y+6FIBSdlAgUCUrDlU=,+q7l3Zfa7Sn4Lil8FGcmiVQsB84=
-7,-16,syRYzyr50Y+6FIBSdlAgUCUrDlU=,+q7l3Zfa7Sn4Lil8FGcmiVQsB84=
-12,-9,syRYzyr50Y+6FIBSdlAgUCUrDlU=,+q7l3Zfa7Sn4Lil8FGcmiVQsB84=
-9,-9,syRYzyr50Y+6FIBSdlAgUCUrDlU=,+q7l3Zfa7Sn4Lil8FGcmiVQsB84=
-7,-9,syRYzyr50Y+6FIBSdlAgUCUrDlU=,+q7l3Zfa7Sn4Lil8FGcmiVQsB84=
-10,-9,syRYzyr50Y+6FIBSdlAgUCUrDlU=,+q7l3Zfa7Sn4Lil8FGcmiVQsB84=
-5,-9,syRYzyr50Y+6FIBSdlAgUCUrDlU=,+q7l3Zfa7Sn4Lil8FGcmiVQsB84=
-4,-9,syRYzyr50Y+6FIBSdlAgUCUrDlU=,+q7l3Zfa7Sn4Lil8FGcmiVQsB84=
-8,-9,syRYzyr50Y+6FIBSdlAgUCUrDlU=,+q7l3Zfa7Sn4Lil8FGcmiVQsB84=
-2,-9,syRYzyr50Y+6FIBSdlAgUCUrDlU=,+q7l3Zfa7Sn4Lil8FGcmiVQsB84=
-1,-9,syRYzyr50Y+6FIBSdlAgUCUrDlU=,+q7l3Zfa7Sn4Lil8FGcmiVQsB84=
-6,-9,syRYzyr50Y+6FIBSdlAgUCUrDlU=,+q7l3Zfa7Sn4Lil8FGcmiVQsB84=
-3,-9,syRYzyr50Y+6FIBSdlAgUCUrDlU=,+q7l3Zfa7Sn4Lil8FGcmiVQsB84=
-15,-8,syRYzyr50Y+6FIBSdlAgUCUrDlU=,+q7l3Zfa7Sn4Lil8FGcmiVQsB84=
-11,-8,syRYzyr50Y+6FIBSdlAgUCUrDlU=,+q7l3Zfa7Sn4Lil8FGcmiVQsB84=
-14,-8,syRYzyr50Y+6FIBSdlAgUCUrDlU=,+q7l3Zfa7Sn4Lil8FGcmiVQsB84=
-12,-8,syRYzyr50Y+6FIBSdlAgUCUrDlU=,+q7l3Zfa7Sn4Lil8FGcmiVQsB84=
-16,-8,syRYzyr50Y+6FIBSdlAgUCUrDlU=,+q7l3Zfa7Sn4Lil8FGcmiVQsB84=
-10,-8,syRYzyr50Y+6FIBSdlAgUCUrDlU=,+q7l3Zfa7Sn4Lil8FGcmiVQsB84=
-13,-8,syRYzyr50Y+6FIBSdlAgUCUrDlU=,+q7l3Zfa7Sn4Lil8FGcmiVQsB84=
-9,-8,syRYzyr50Y+6FIBSdlAgUCUrDlU=,+q7l3Zfa7Sn4Lil8FGcmiVQsB84=
-8,-8,syRYzyr50Y+6FIBSdlAgUCUrDlU=,+q7l3Zfa7Sn4Lil8FGcmiVQsB84=
-10,-14,syRYzyr50Y+6FIBSdlAgUCUrDlU=,+q7l3Zfa7Sn4Lil8FGcmiVQsB84=
-3,-8,syRYzyr50Y+6FIBSdlAgUCUrDlU=,+q7l3Zfa7Sn4Lil8FGcmiVQsB84=
-7,-8,syRYzyr50Y+6FIBSdlAgUCUrDlU=,+q7l3Zfa7Sn4Lil8FGcmiVQsB84=
-4,-8,syRYzyr50Y+6FIBSdlAgUCUrDlU=,+q7l3Zfa7Sn4Lil8FGcmiVQsB84=
-16,-7,syRYzyr50Y+6FIBSdlAgUCUrDlU=,+q7l3Zfa7Sn4Lil8FGcmiVQsB84=
-13,-7,syRYzyr50Y+6FIBSdlAgUCUrDlU=,+q7l3Zfa7Sn4Lil8FGcmiVQsB84=
-15,-7,syRYzyr50Y+6FIBSdlAgUCUrDlU=,+q7l3Zfa7Sn4Lil8FGcmiVQsB84=
-6,-16,syRYzyr50Y+6FIBSdlAgUCUrDlU=,+q7l3Zfa7Sn4Lil8FGcmiVQsB84=
-2,-8,syRYzyr50Y+6FIBSdlAgUCUrDlU=,+q7l3Zfa7Sn4Lil8FGcmiVQsB84=
-1,-8,syRYzyr50Y+6FIBSdlAgUCUrDlU=,+q7l3Zfa7Sn4Lil8FGcmiVQsB84=
-14,-7,syRYzyr50Y+6FIBSdlAgUCUrDlU=,+q7l3Zfa7Sn4Lil8FGcmiVQsB84=
-12,-7,syRYzyr50Y+6FIBSdlAgUCUrDlU=,+q7l3Zfa7Sn4Lil8FGcmiVQsB84=
-11,-7,syRYzyr50Y+6FIBSdlAgUCUrDlU=,+q7l3Zfa7Sn4Lil8FGcmiVQsB84=
-5,-8,syRYzyr50Y+6FIBSdlAgUCUrDlU=,+q7l3Zfa7Sn4Lil8FGcmiVQsB84=
-9,-7,syRYzyr50Y+6FIBSdlAgUCUrDlU=,+q7l3Zfa7Sn4Lil8FGcmiVQsB84=
-9,-14,syRYzyr50Y+6FIBSdlAgUCUrDlU=,+q7l3Zfa7Sn4Lil8FGcmiVQsB84=
-10,-7,syRYzyr50Y+6FIBSdlAgUCUrDlU=,+q7l3Zfa7Sn4Lil8FGcmiVQsB84=
-6,-7,syRYzyr50Y+6FIBSdlAgUCUrDlU=,+q7l3Zfa7Sn4Lil8FGcmiVQsB84=
-8,-7,syRYzyr50Y+6FIBSdlAgUCUrDlU=,+q7l3Zfa7Sn4Lil8FGcmiVQsB84=
-7,-7,syRYzyr50Y+6FIBSdlAgUCUrDlU=,+q7l3Zfa7Sn4Lil8FGcmiVQsB84=
-5,-16,syRYzyr50Y+6FIBSdlAgUCUrDlU=,+q7l3Zfa7Sn4Lil8FGcmiVQsB84=
-4,-7,syRYzyr50Y+6FIBSdlAgUCUrDlU=,+q7l3Zfa7Sn4Lil8FGcmiVQsB84=
-16,-6,syRYzyr50Y+6FIBSdlAgUCUrDlU=,+q7l3Zfa7Sn4Lil8FGcmiVQsB84=
-5,-7,syRYzyr50Y+6FIBSdlAgUCUrDlU=,+q7l3Zfa7Sn4Lil8FGcmiVQsB84=
-2,-7,syRYzyr50Y+6FIBSdlAgUCUrDlU=,+q7l3Zfa7Sn4Lil8FGcmiVQsB84=
-15,-6,syRYzyr50Y+6FIBSdlAgUCUrDlU=,+q7l3Zfa7Sn4Lil8FGcmiVQsB84=
-3,-7,syRYzyr50Y+6FIBSdlAgUCUrDlU=,+q7l3Zfa7Sn4Lil8FGcmiVQsB84=
-1,-7,syRYzyr50Y+6FIBSdlAgUCUrDlU=,+q7l3Zfa7Sn4Lil8FGcmiVQsB84=
-12,-6,syRYzyr50Y+6FIBSdlAgUCUrDlU=,+q7l3Zfa7Sn4Lil8FGcmiVQsB84=
-13,-6,syRYzyr50Y+6FIBSdlAgUCUrDlU=,+q7l3Zfa7Sn4Lil8FGcmiVQsB84=
-14,-6,syRYzyr50Y+6FIBSdlAgUCUrDlU=,+q7l3Zfa7Sn4Lil8FGcmiVQsB84=
-6,-8,syRYzyr50Y+6FIBSdlAgUCUrDlU=,+q7l3Zfa7Sn4Lil8FGcmiVQsB84=
-9,-6,syRYzyr50Y+6FIBSdlAgUCUrDlU=,+q7l3Zfa7Sn4Lil8FGcmiVQsB84=
-10,-6,syRYzyr50Y+6FIBSdlAgUCUrDlU=,+q7l3Zfa7Sn4Lil8FGcmiVQsB84=
-11,-6,syRYzyr50Y+6FIBSdlAgUCUrDlU=,+q7l3Zfa7Sn4Lil8FGcmiVQsB84=
-8,-6,syRYzyr50Y+6FIBSdlAgUCUrDlU=,+q7l3Zfa7Sn4Lil8FGcmiVQsB84=
-8,-14,syRYzyr50Y+6FIBSdlAgUCUrDlU=,+q7l3Zfa7Sn4Lil8FGcmiVQsB84=
-4,-6,syRYzyr50Y+6FIBSdlAgUCUrDlU=,+q7l3Zfa7Sn4Lil8FGcmiVQsB84=
-7,-6,syRYzyr50Y+6FIBSdlAgUCUrDlU=,+q7l3Zfa7Sn4Lil8FGcmiVQsB84=
-4,-16,syRYzyr50Y+6FIBSdlAgUCUrDlU=,+q7l3Zfa7Sn4Lil8FGcmiVQsB84=
-3,-6,syRYzyr50Y+6FIBSdlAgUCUrDlU=,+q7l3Zfa7Sn4Lil8FGcmiVQsB84=
-5,-6,syRYzyr50Y+6FIBSdlAgUCUrDlU=,+q7l3Zfa7Sn4Lil8FGcmiVQsB84=
-6,-6,syRYzyr50Y+6FIBSdlAgUCUrDlU=,+q7l3Zfa7Sn4Lil8FGcmiVQsB84=
-1,-6,syRYzyr50Y+6FIBSdlAgUCUrDlU=,+q7l3Zfa7Sn4Lil8FGcmiVQsB84=
-16,-5,syRYzyr50Y+6FIBSdlAgUCUrDlU=,+q7l3Zfa7Sn4Lil8FGcmiVQsB84=
-15,-5,syRYzyr50Y+6FIBSdlAgUCUrDlU=,+q7l3Zfa7Sn4Lil8FGcmiVQsB84=
-12,-5,syRYzyr50Y+6FIBSdlAgUCUrDlU=,+q7l3Zfa7Sn4Lil8FGcmiVQsB84=
-2,-6,syRYzyr50Y+6FIBSdlAgUCUrDlU=,+q7l3Zfa7Sn4Lil8FGcmiVQsB84=
-14,-5,syRYzyr50Y+6FIBSdlAgUCUrDlU=,+q7l3Zfa7Sn4Lil8FGcmiVQsB84=
-11,-5,syRYzyr50Y+6FIBSdlAgUCUrDlU=,+q7l3Zfa7Sn4Lil8FGcmiVQsB84=
-10,-5,syRYzyr50Y+6FIBSdlAgUCUrDlU=,+q7l3Zfa7Sn4Lil8FGcmiVQsB84=
-13,-5,syRYzyr50Y+6FIBSdlAgUCUrDlU=,+q7l3Zfa7Sn4Lil8FGcmiVQsB84=
-6,-5,syRYzyr50Y+6FIBSdlAgUCUrDlU=,+q7l3Zfa7Sn4Lil8FGcmiVQsB84=
-9,-5,syRYzyr50Y+6FIBSdlAgUCUrDlU=,+q7l3Zfa7Sn4Lil8FGcmiVQsB84=
-3,-16,syRYzyr50Y+6FIBSdlAgUCUrDlU=,+q7l3Zfa7Sn4Lil8FGcmiVQsB84=
-8,-5,syRYzyr50Y+6FIBSdlAgUCUrDlU=,+q7l3Zfa7Sn4Lil8FGcmiVQsB84=
-4,-5,syRYzyr50Y+6FIBSdlAgUCUrDlU=,+q7l3Zfa7Sn4Lil8FGcmiVQsB84=
-7,-5,syRYzyr50Y+6FIBSdlAgUCUrDlU=,+q7l3Zfa7Sn4Lil8FGcmiVQsB84=
-2,-5,syRYzyr50Y+6FIBSdlAgUCUrDlU=,+q7l3Zfa7Sn4Lil8FGcmiVQsB84=
-5,-5,syRYzyr50Y+6FIBSdlAgUCUrDlU=,+q7l3Zfa7Sn4Lil8FGcmiVQsB84=
-16,-4,syRYzyr50Y+6FIBSdlAgUCUrDlU=,+q7l3Zfa7Sn4Lil8FGcmiVQsB84=
-3,-5,syRYzyr50Y+6FIBSdlAgUCUrDlU=,+q7l3Zfa7Sn4Lil8FGcmiVQsB84=
-7,-14,syRYzyr50Y+6FIBSdlAgUCUrDlU=,+q7l3Zfa7Sn4Lil8FGcmiVQsB84=
-14,-4,syRYzyr50Y+6FIBSdlAgUCUrDlU=,+q7l3Zfa7Sn4Lil8FGcmiVQsB84=
-11,-4,syRYzyr50Y+6FIBSdlAgUCUrDlU=,+q7l3Zfa7Sn4Lil8FGcmiVQsB84=
-1,-5,syRYzyr50Y+6FIBSdlAgUCUrDlU=,+q7l3Zfa7Sn4Lil8FGcmiVQsB84=
-12,-4,syRYzyr50Y+6FIBSdlAgUCUrDlU=,+q7l3Zfa7Sn4Lil8FGcmiVQsB84=
-10,-4,syRYzyr50Y+6FIBSdlAgUCUrDlU=,+q7l3Zfa7Sn4Lil8FGcmiVQsB84=
-15,-4,syRYzyr50Y+6FIBSdlAgUCUrDlU=,+q7l3Zfa7Sn4Lil8FGcmiVQsB84=
-8,-4,syRYzyr50Y+6FIBSdlAgUCUrDlU=,+q7l3Zfa7Sn4Lil8FGcmiVQsB84=
-6,-4,syRYzyr50Y+6FIBSdlAgUCUrDlU=,+q7l3Zfa7Sn4Lil8FGcmiVQsB84=
-5,-4,syRYzyr50Y+6FIBSdlAgUCUrDlU=,+q7l3Zfa7Sn4Lil8FGcmiVQsB84=
-4,-4,syRYzyr50Y+6FIBSdlAgUCUrDlU=,+q7l3Zfa7Sn4Lil8FGcmiVQsB84=
-13,-4,syRYzyr50Y+6FIBSdlAgUCUrDlU=,+q7l3Zfa7Sn4Lil8FGcmiVQsB84=
-2,-4,syRYzyr50Y+6FIBSdlAgUCUrDlU=,+q7l3Zfa7Sn4Lil8FGcmiVQsB84=
-2,-16,syRYzyr50Y+6FIBSdlAgUCUrDlU=,+q7l3Zfa7Sn4Lil8FGcmiVQsB84=
-1,-4,syRYzyr50Y+6FIBSdlAgUCUrDlU=,+q7l3Zfa7Sn4Lil8FGcmiVQsB84=
-15,-3,syRYzyr50Y+6FIBSdlAgUCUrDlU=,+q7l3Zfa7Sn4Lil8FGcmiVQsB84=
-7,-4,syRYzyr50Y+6FIBSdlAgUCUrDlU=,+q7l3Zfa7Sn4Lil8FGcmiVQsB84=
-14,-3,syRYzyr50Y+6FIBSdlAgUCUrDlU=,+q7l3Zfa7Sn4Lil8FGcmiVQsB84=
-3,-4,syRYzyr50Y+6FIBSdlAgUCUrDlU=,+q7l3Zfa7Sn4Lil8FGcmiVQsB84=
-13,-3,syRYzyr50Y+6FIBSdlAgUCUrDlU=,+q7l3Zfa7Sn4Lil8FGcmiVQsB84=
-9,-4,syRYzyr50Y+6FIBSdlAgUCUrDlU=,+q7l3Zfa7Sn4Lil8FGcmiVQsB84=
-6,-14,syRYzyr50Y+6FIBSdlAgUCUrDlU=,+q7l3Zfa7Sn4Lil8FGcmiVQsB84=
-15,-16,syRYzyr50Y+6FIBSdlAgUCUrDlU=,+q7l3Zfa7Sn4Lil8FGcmiVQsB84=
-12,-3,syRYzyr50Y+6FIBSdlAgUCUrDlU=,+q7l3Zfa7Sn4Lil8FGcmiVQsB84=
-16,-3,syRYzyr50Y+6FIBSdlAgUCUrDlU=,+q7l3Zfa7Sn4Lil8FGcmiVQsB84=
-3,-30,mOX5eJXAXlb4yQTM42xehGFLXss=,J2v0uD/rELl/gkO5eUPXNbxZYgI=
-2,-30,mOX5eJXAXlb4yQTM42xehGFLXss=,J2v0uD/rELl/gkO5eUPXNbxZYgI=
-1,-30,mOX5eJXAXlb4yQTM42xehGFLXss=,J2v0uD/rELl/gkO5eUPXNbxZYgI=
-16,-29,mOX5eJXAXlb4yQTM42xehGFLXss=,J2v0uD/rELl/gkO5eUPXNbxZYgI=
-15,-29,mOX5eJXAXlb4yQTM42xehGFLXss=,J2v0uD/rELl/gkO5eUPXNbxZYgI=
-14,-29,mOX5eJXAXlb4yQTM42xehGFLXss=,J2v0uD/rELl/gkO5eUPXNbxZYgI=
-16,-30,mOX5eJXAXlb4yQTM42xehGFLXss=,J2v0uD/rELl/gkO5eUPXNbxZYgI=
-12,-32,mOX5eJXAXlb4yQTM42xehGFLXss=,J2v0uD/rELl/gkO5eUPXNbxZYgI=
-13,-29,s2G+WjfF7C9SP5fqypTKufN83Cw=,J2v0uD/rELl/gkO5eUPXNbxZYgI=
-12,-29,s2G+WjfF7C9SP5fqypTKufN83Cw=,J2v0uD/rELl/gkO5eUPXNbxZYgI=
-11,-29,s2G+WjfF7C9SP5fqypTKufN83Cw=,J2v0uD/rELl/gkO5eUPXNbxZYgI=
-10,-29,s2G+WjfF7C9SP5fqypTKufN83Cw=,J2v0uD/rELl/gkO5eUPXNbxZYgI=
-8,-29,mOX5eJXAXlb4yQTM42xehGFLXss=,J2v0uD/rELl/gkO5eUPXNbxZYgI=
-9,-29,s2G+WjfF7C9SP5fqypTKufN83Cw=,J2v0uD/rELl/gkO5eUPXNbxZYgI=
-7,-29,mOX5eJXAXlb4yQTM42xehGFLXss=,J2v0uD/rELl/gkO5eUPXNbxZYgI=
-6,-29,mOX5eJXAXlb4yQTM42xehGFLXss=,J2v0uD/rELl/gkO5eUPXNbxZYgI=
-4,-29,mOX5eJXAXlb4yQTM42xehGFLXss=,J2v0uD/rELl/gkO5eUPXNbxZYgI=
-5,-29,mOX5eJXAXlb4yQTM42xehGFLXss=,J2v0uD/rELl/gkO5eUPXNbxZYgI=
-2,-29,mOX5eJXAXlb4yQTM42xehGFLXss=,J2v0uD/rELl/gkO5eUPXNbxZYgI=
-3,-29,mOX5eJXAXlb4yQTM42xehGFLXss=,J2v0uD/rELl/gkO5eUPXNbxZYgI=
-15,-30,mOX5eJXAXlb4yQTM42xehGFLXss=,J2v0uD/rELl/gkO5eUPXNbxZYgI=
-1,-29,mOX5eJXAXlb4yQTM42xehGFLXss=,J2v0uD/rELl/gkO5eUPXNbxZYgI=
-16,-28,mOX5eJXAXlb4yQTM42xehGFLXss=,J2v0uD/rELl/gkO5eUPXNbxZYgI=
-16,-32,s2G+WjfF7C9SP5fqypTKufN83Cw=,J2v0uD/rELl/gkO5eUPXNbxZYgI=
-15,-28,mOX5eJXAXlb4yQTM42xehGFLXss=,J2v0uD/rELl/gkO5eUPXNbxZYgI=
-14,-28,mOX5eJXAXlb4yQTM42xehGFLXss=,J2v0uD/rELl/gkO5eUPXNbxZYgI=
-13,-28,mOX5eJXAXlb4yQTM42xehGFLXss=,J2v0uD/rELl/gkO5eUPXNbxZYgI=
-14,-30,mOX5eJXAXlb4yQTM42xehGFLXss=,J2v0uD/rELl/gkO5eUPXNbxZYgI=
-12,-28,mOX5eJXAXlb4yQTM42xehGFLXss=,J2v0uD/rELl/gkO5eUPXNbxZYgI=
-11,-32,mOX5eJXAXlb4yQTM42xehGFLXss=,J2v0uD/rELl/gkO5eUPXNbxZYgI=
-11,-28,mOX5eJXAXlb4yQTM42xehGFLXss=,J2v0uD/rELl/gkO5eUPXNbxZYgI=
-10,-28,mOX5eJXAXlb4yQTM42xehGFLXss=,J2v0uD/rELl/gkO5eUPXNbxZYgI=
-9,-28,mOX5eJXAXlb4yQTM42xehGFLXss=,J2v0uD/rELl/gkO5eUPXNbxZYgI=
-8,-28,mOX5eJXAXlb4yQTM42xehGFLXss=,J2v0uD/rELl/gkO5eUPXNbxZYgI=
-7,-28,mOX5eJXAXlb4yQTM42xehGFLXss=,J2v0uD/rELl/gkO5eUPXNbxZYgI=
-6,-28,mOX5eJXAXlb4yQTM42xehGFLXss=,J2v0uD/rELl/gkO5eUPXNbxZYgI=
-5,-28,mOX5eJXAXlb4yQTM42xehGFLXss=,J2v0uD/rELl/gkO5eUPXNbxZYgI=
-3,-28,mOX5eJXAXlb4yQTM42xehGFLXss=,J2v0uD/rELl/gkO5eUPXNbxZYgI=
-4,-28,mOX5eJXAXlb4yQTM42xehGFLXss=,J2v0uD/rELl/gkO5eUPXNbxZYgI=
-2,-28,mOX5eJXAXlb4yQTM42xehGFLXss=,J2v0uD/rELl/gkO5eUPXNbxZYgI=
-10,-32,mOX5eJXAXlb4yQTM42xehGFLXss=,J2v0uD/rELl/gkO5eUPXNbxZYgI=
-1,-28,mOX5eJXAXlb4yQTM42xehGFLXss=,J2v0uD/rELl/gkO5eUPXNbxZYgI=
-16,-27,mOX5eJXAXlb4yQTM42xehGFLXss=,J2v0uD/rELl/gkO5eUPXNbxZYgI=
-15,-27,mOX5eJXAXlb4yQTM42xehGFLXss=,J2v0uD/rELl/gkO5eUPXNbxZYgI=
-14,-27,mOX5eJXAXlb4yQTM42xehGFLXss=,J2v0uD/rELl/gkO5eUPXNbxZYgI=
-13,-27,mOX5eJXAXlb4yQTM42xehGFLXss=,J2v0uD/rELl/gkO5eUPXNbxZYgI=
-12,-27,mOX5eJXAXlb4yQTM42xehGFLXss=,J2v0uD/rELl/gkO5eUPXNbxZYgI=
-13,-30,mOX5eJXAXlb4yQTM42xehGFLXss=,J2v0uD/rELl/gkO5eUPXNbxZYgI=
-9,-32,mOX5eJXAXlb4yQTM42xehGFLXss=,J2v0uD/rELl/gkO5eUPXNbxZYgI=
-11,-27,mOX5eJXAXlb4yQTM42xehGFLXss=,J2v0uD/rELl/gkO5eUPXNbxZYgI=
-10,-27,mOX5eJXAXlb4yQTM42xehGFLXss=,J2v0uD/rELl/gkO5eUPXNbxZYgI=
-9,-27,mOX5eJXAXlb4yQTM42xehGFLXss=,J2v0uD/rELl/gkO5eUPXNbxZYgI=
-8,-27,mOX5eJXAXlb4yQTM42xehGFLXss=,J2v0uD/rELl/gkO5eUPXNbxZYgI=
-7,-27,mOX5eJXAXlb4yQTM42xehGFLXss=,J2v0uD/rELl/gkO5eUPXNbxZYgI=
-6,-27,mOX5eJXAXlb4yQTM42xehGFLXss=,J2v0uD/rELl/gkO5eUPXNbxZYgI=
-5,-27,mOX5eJXAXlb4yQTM42xehGFLXss=,J2v0uD/rELl/gkO5eUPXNbxZYgI=
-4,-27,mOX5eJXAXlb4yQTM42xehGFLXss=,J2v0uD/rELl/gkO5eUPXNbxZYgI=
-2,-27,mOX5eJXAXlb4yQTM42xehGFLXss=,J2v0uD/rELl/gkO5eUPXNbxZYgI=
-3,-27,mOX5eJXAXlb4yQTM42xehGFLXss=,J2v0uD/rELl/gkO5eUPXNbxZYgI=
-1,-27,mOX5eJXAXlb4yQTM42xehGFLXss=,J2v0uD/rELl/gkO5eUPXNbxZYgI=
-16,-26,mOX5eJXAXlb4yQTM42xehGFLXss=,J2v0uD/rELl/gkO5eUPXNbxZYgI=
-14,-26,mOX5eJXAXlb4yQTM42xehGFLXss=,J2v0uD/rELl/gkO5eUPXNbxZYgI=
-13,-26,mOX5eJXAXlb4yQTM42xehGFLXss=,J2v0uD/rELl/gkO5eUPXNbxZYgI=
-15,-26,mOX5eJXAXlb4yQTM42xehGFLXss=,J2v0uD/rELl/gkO5eUPXNbxZYgI=
-12,-26,mOX5eJXAXlb4yQTM42xehGFLXss=,J2v0uD/rELl/gkO5eUPXNbxZYgI=
-11,-26,mOX5eJXAXlb4yQTM42xehGFLXss=,J2v0uD/rELl/gkO5eUPXNbxZYgI=
-8,-32,mOX5eJXAXlb4yQTM42xehGFLXss=,J2v0uD/rELl/gkO5eUPXNbxZYgI=
-10,-26,mOX5eJXAXlb4yQTM42xehGFLXss=,J2v0uD/rELl/gkO5eUPXNbxZYgI=
-12,-30,mOX5eJXAXlb4yQTM42xehGFLXss=,J2v0uD/rELl/gkO5eUPXNbxZYgI=
-9,-26,mOX5eJXAXlb4yQTM42xehGFLXss=,J2v0uD/rELl/gkO5eUPXNbxZYgI=
-8,-26,mOX5eJXAXlb4yQTM42xehGFLXss=,J2v0uD/rELl/gkO5eUPXNbxZYgI=
-7,-26,mOX5eJXAXlb4yQTM42xehGFLXss=,J2v0uD/rELl/gkO5eUPXNbxZYgI=
-6,-26,mOX5eJXAXlb4yQTM42xehGFLXss=,J2v0uD/rELl/gkO5eUPXNbxZYgI=
-5,-26,mOX5eJXAXlb4yQTM42xehGFLXss=,J2v0uD/rELl/gkO5eUPXNbxZYgI=
-3,-26,mOX5eJXAXlb4yQTM42xehGFLXss=,J2v0uD/rELl/gkO5eUPXNbxZYgI=
-4,-26,mOX5eJXAXlb4yQTM42xehGFLXss=,J2v0uD/rELl/gkO5eUPXNbxZYgI=
-2,-26,mOX5eJXAXlb4yQTM42xehGFLXss=,J2v0uD/rELl/gkO5eUPXNbxZYgI=
-1,-26,mOX5eJXAXlb4yQTM42xehGFLXss=,J2v0uD/rELl/gkO5eUPXNbxZYgI=
-16,-25,mOX5eJXAXlb4yQTM42xehGFLXss=,J2v0uD/rELl/gkO5eUPXNbxZYgI=
-15,-25,mOX5eJXAXlb4yQTM42xehGFLXss=,J2v0uD/rELl/gkO5eUPXNbxZYgI=
-14,-25,mOX5eJXAXlb4yQTM42xehGFLXss=,J2v0uD/rELl/gkO5eUPXNbxZYgI=
-12,-25,mOX5eJXAXlb4yQTM42xehGFLXss=,J2v0uD/rELl/gkO5eUPXNbxZYgI=
-13,-25,mOX5eJXAXlb4yQTM42xehGFLXss=,J2v0uD/rELl/gkO5eUPXNbxZYgI=
-11,-25,mOX5eJXAXlb4yQTM42xehGFLXss=,J2v0uD/rELl/gkO5eUPXNbxZYgI=
-10,-25,mOX5eJXAXlb4yQTM42xehGFLXss=,J2v0uD/rELl/gkO5eUPXNbxZYgI=
-7,-32,mOX5eJXAXlb4yQTM42xehGFLXss=,J2v0uD/rELl/gkO5eUPXNbxZYgI=
-9,-25,mOX5eJXAXlb4yQTM42xehGFLXss=,J2v0uD/rELl/gkO5eUPXNbxZYgI=
-11,-30,mOX5eJXAXlb4yQTM42xehGFLXss=,J2v0uD/rELl/gkO5eUPXNbxZYgI=
-8,-25,mOX5eJXAXlb4yQTM42xehGFLXss=,J2v0uD/rELl/gkO5eUPXNbxZYgI=
-7,-25,mOX5eJXAXlb4yQTM42xehGFLXss=,J2v0uD/rELl/gkO5eUPXNbxZYgI=
-6,-25,mOX5eJXAXlb4yQTM42xehGFLXss=,J2v0uD/rELl/gkO5eUPXNbxZYgI=
-5,-25,mOX5eJXAXlb4yQTM42xehGFLXss=,J2v0uD/rELl/gkO5eUPXNbxZYgI=
-4,-25,mOX5eJXAXlb4yQTM42xehGFLXss=,J2v0uD/rELl/gkO5eUPXNbxZYgI=
-2,-25,mOX5eJXAXlb4yQTM42xehGFLXss=,J2v0uD/rELl/gkO5eUPXNbxZYgI=
-1,-25,mOX5eJXAXlb4yQTM42xehGFLXss=,J2v0uD/rELl/gkO5eUPXNbxZYgI=
-3,-25,mOX5eJXAXlb4yQTM42xehGFLXss=,J2v0uD/rELl/gkO5eUPXNbxZYgI=
-16,-24,mOX5eJXAXlb4yQTM42xehGFLXss=,J2v0uD/rELl/gkO5eUPXNbxZYgI=
-15,-24,mOX5eJXAXlb4yQTM42xehGFLXss=,J2v0uD/rELl/gkO5eUPXNbxZYgI=
-14,-24,mOX5eJXAXlb4yQTM42xehGFLXss=,J2v0uD/rELl/gkO5eUPXNbxZYgI=
-13,-24,mOX5eJXAXlb4yQTM42xehGFLXss=,J2v0uD/rELl/gkO5eUPXNbxZYgI=
-12,-24,mOX5eJXAXlb4yQTM42xehGFLXss=,J2v0uD/rELl/gkO5eUPXNbxZYgI=
-11,-24,mOX5eJXAXlb4yQTM42xehGFLXss=,J2v0uD/rELl/gkO5eUPXNbxZYgI=
-10,-24,mOX5eJXAXlb4yQTM42xehGFLXss=,J2v0uD/rELl/gkO5eUPXNbxZYgI=
-9,-24,mOX5eJXAXlb4yQTM42xehGFLXss=,J2v0uD/rELl/gkO5eUPXNbxZYgI=
-10,-30,mOX5eJXAXlb4yQTM42xehGFLXss=,J2v0uD/rELl/gkO5eUPXNbxZYgI=
-6,-32,s2G+WjfF7C9SP5fqypTKufN83Cw=,J2v0uD/rELl/gkO5eUPXNbxZYgI=
-8,-24,s2G+WjfF7C9SP5fqypTKufN83Cw=,J2v0uD/rELl/gkO5eUPXNbxZYgI=
-7,-24,s2G+WjfF7C9SP5fqypTKufN83Cw=,J2v0uD/rELl/gkO5eUPXNbxZYgI=
-6,-24,s2G+WjfF7C9SP5fqypTKufN83Cw=,J2v0uD/rELl/gkO5eUPXNbxZYgI=
-5,-24,s2G+WjfF7C9SP5fqypTKufN83Cw=,J2v0uD/rELl/gkO5eUPXNbxZYgI=
-4,-24,s2G+WjfF7C9SP5fqypTKufN83Cw=,J2v0uD/rELl/gkO5eUPXNbxZYgI=
-2,-24,s2G+WjfF7C9SP5fqypTKufN83Cw=,J2v0uD/rELl/gkO5eUPXNbxZYgI=
-3,-24,s2G+WjfF7C9SP5fqypTKufN83Cw=,J2v0uD/rELl/gkO5eUPXNbxZYgI=
-1,-24,s2G+WjfF7C9SP5fqypTKufN83Cw=,J2v0uD/rELl/gkO5eUPXNbxZYgI=
-16,-23,s2G+WjfF7C9SP5fqypTKufN83Cw=,J2v0uD/rELl/gkO5eUPXNbxZYgI=
-14,-23,s2G+WjfF7C9SP5fqypTKufN83Cw=,J2v0uD/rELl/gkO5eUPXNbxZYgI=
-15,-23,s2G+WjfF7C9SP5fqypTKufN83Cw=,J2v0uD/rELl/gkO5eUPXNbxZYgI=
-13,-23,s2G+WjfF7C9SP5fqypTKufN83Cw=,J2v0uD/rELl/gkO5eUPXNbxZYgI=
-12,-23,s2G+WjfF7C9SP5fqypTKufN83Cw=,J2v0uD/rELl/gkO5eUPXNbxZYgI=
-11,-23,s2G+WjfF7C9SP5fqypTKufN83Cw=,J2v0uD/rELl/gkO5eUPXNbxZYgI=
-10,-23,s2G+WjfF7C9SP5fqypTKufN83Cw=,J2v0uD/rELl/gkO5eUPXNbxZYgI=
-9,-23,s2G+WjfF7C9SP5fqypTKufN83Cw=,J2v0uD/rELl/gkO5eUPXNbxZYgI=
-8,-23,s2G+WjfF7C9SP5fqypTKufN83Cw=,J2v0uD/rELl/gkO5eUPXNbxZYgI=
-9,-30,mOX5eJXAXlb4yQTM42xehGFLXss=,J2v0uD/rELl/gkO5eUPXNbxZYgI=
-5,-32,s2G+WjfF7C9SP5fqypTKufN83Cw=,J2v0uD/rELl/gkO5eUPXNbxZYgI=
-7,-23,s2G+WjfF7C9SP5fqypTKufN83Cw=,J2v0uD/rELl/gkO5eUPXNbxZYgI=
-6,-23,s2G+WjfF7C9SP5fqypTKufN83Cw=,J2v0uD/rELl/gkO5eUPXNbxZYgI=
-5,-23,s2G+WjfF7C9SP5fqypTKufN83Cw=,J2v0uD/rELl/gkO5eUPXNbxZYgI=
-4,-23,s2G+WjfF7C9SP5fqypTKufN83Cw=,J2v0uD/rELl/gkO5eUPXNbxZYgI=
-3,-23,s2G+WjfF7C9SP5fqypTKufN83Cw=,J2v0uD/rELl/gkO5eUPXNbxZYgI=
-2,-23,s2G+WjfF7C9SP5fqypTKufN83Cw=,J2v0uD/rELl/gkO5eUPXNbxZYgI=
-1,-23,s2G+WjfF7C9SP5fqypTKufN83Cw=,J2v0uD/rELl/gkO5eUPXNbxZYgI=
-16,-22,s2G+WjfF7C9SP5fqypTKufN83Cw=,J2v0uD/rELl/gkO5eUPXNbxZYgI=
-15,-22,s2G+WjfF7C9SP5fqypTKufN83Cw=,J2v0uD/rELl/gkO5eUPXNbxZYgI=
-14,-22,s2G+WjfF7C9SP5fqypTKufN83Cw=,J2v0uD/rELl/gkO5eUPXNbxZYgI=
-13,-22,s2G+WjfF7C9SP5fqypTKufN83Cw=,J2v0uD/rELl/gkO5eUPXNbxZYgI=
-11,-22,s2G+WjfF7C9SP5fqypTKufN83Cw=,J2v0uD/rELl/gkO5eUPXNbxZYgI=
-10,-22,s2G+WjfF7C9SP5fqypTKufN83Cw=,J2v0uD/rELl/gkO5eUPXNbxZYgI=
-9,-22,s2G+WjfF7C9SP5fqypTKufN83Cw=,J2v0uD/rELl/gkO5eUPXNbxZYgI=
-8,-22,s2G+WjfF7C9SP5fqypTKufN83Cw=,J2v0uD/rELl/gkO5eUPXNbxZYgI=
-8,-30,mOX5eJXAXlb4yQTM42xehGFLXss=,J2v0uD/rELl/gkO5eUPXNbxZYgI=
-7,-22,s2G+WjfF7C9SP5fqypTKufN83Cw=,J2v0uD/rELl/gkO5eUPXNbxZYgI=
-4,-32,s2G+WjfF7C9SP5fqypTKufN83Cw=,J2v0uD/rELl/gkO5eUPXNbxZYgI=
-6,-22,s2G+WjfF7C9SP5fqypTKufN83Cw=,J2v0uD/rELl/gkO5eUPXNbxZYgI=
-5,-22,s2G+WjfF7C9SP5fqypTKufN83Cw=,J2v0uD/rELl/gkO5eUPXNbxZYgI=
-3,-22,s2G+WjfF7C9SP5fqypTKufN83Cw=,J2v0uD/rELl/gkO5eUPXNbxZYgI=
-4,-22,s2G+WjfF7C9SP5fqypTKufN83Cw=,J2v0uD/rELl/gkO5eUPXNbxZYgI=
-2,-22,s2G+WjfF7C9SP5fqypTKufN83Cw=,J2v0uD/rELl/gkO5eUPXNbxZYgI=
-1,-22,s2G+WjfF7C9SP5fqypTKufN83Cw=,J2v0uD/rELl/gkO5eUPXNbxZYgI=
-16,-21,s2G+WjfF7C9SP5fqypTKufN83Cw=,J2v0uD/rELl/gkO5eUPXNbxZYgI=
-15,-21,s2G+WjfF7C9SP5fqypTKufN83Cw=,J2v0uD/rELl/gkO5eUPXNbxZYgI=
-14,-21,s2G+WjfF7C9SP5fqypTKufN83Cw=,J2v0uD/rELl/gkO5eUPXNbxZYgI=
-13,-21,s2G+WjfF7C9SP5fqypTKufN83Cw=,J2v0uD/rELl/gkO5eUPXNbxZYgI=
-12,-21,s2G+WjfF7C9SP5fqypTKufN83Cw=,J2v0uD/rELl/gkO5eUPXNbxZYgI=
-11,-21,s2G+WjfF7C9SP5fqypTKufN83Cw=,J2v0uD/rELl/gkO5eUPXNbxZYgI=
-10,-21,s2G+WjfF7C9SP5fqypTKufN83Cw=,J2v0uD/rELl/gkO5eUPXNbxZYgI=
-8,-21,s2G+WjfF7C9SP5fqypTKufN83Cw=,J2v0uD/rELl/gkO5eUPXNbxZYgI=
-7,-21,s2G+WjfF7C9SP5fqypTKufN83Cw=,J2v0uD/rELl/gkO5eUPXNbxZYgI=
-9,-21,s2G+WjfF7C9SP5fqypTKufN83Cw=,J2v0uD/rELl/gkO5eUPXNbxZYgI=
-6,-21,s2G+WjfF7C9SP5fqypTKufN83Cw=,J2v0uD/rELl/gkO5eUPXNbxZYgI=
-7,-30,mOX5eJXAXlb4yQTM42xehGFLXss=,J2v0uD/rELl/gkO5eUPXNbxZYgI=
-5,-21,s2G+WjfF7C9SP5fqypTKufN83Cw=,J2v0uD/rELl/gkO5eUPXNbxZYgI=
-3,-32,s2G+WjfF7C9SP5fqypTKufN83Cw=,J2v0uD/rELl/gkO5eUPXNbxZYgI=
-4,-21,s2G+WjfF7C9SP5fqypTKufN83Cw=,J2v0uD/rELl/gkO5eUPXNbxZYgI=
-3,-21,s2G+WjfF7C9SP5fqypTKufN83Cw=,J2v0uD/rELl/gkO5eUPXNbxZYgI=
-2,-21,s2G+WjfF7C9SP5fqypTKufN83Cw=,J2v0uD/rELl/gkO5eUPXNbxZYgI=
-16,-20,s2G+WjfF7C9SP5fqypTKufN83Cw=,J2v0uD/rELl/gkO5eUPXNbxZYgI=
-1,-21,s2G+WjfF7C9SP5fqypTKufN83Cw=,J2v0uD/rELl/gkO5eUPXNbxZYgI=
-15,-20,s2G+WjfF7C9SP5fqypTKufN83Cw=,J2v0uD/rELl/gkO5eUPXNbxZYgI=
-14,-20,s2G+WjfF7C9SP5fqypTKufN83Cw=,J2v0uD/rELl/gkO5eUPXNbxZYgI=
-13,-20,s2G+WjfF7C9SP5fqypTKufN83Cw=,J2v0uD/rELl/gkO5eUPXNbxZYgI=
-11,-20,s2G+WjfF7C9SP5fqypTKufN83Cw=,J2v0uD/rELl/gkO5eUPXNbxZYgI=
-12,-20,s2G+WjfF7C9SP5fqypTKufN83Cw=,J2v0uD/rELl/gkO5eUPXNbxZYgI=
-10,-20,s2G+WjfF7C9SP5fqypTKufN83Cw=,J2v0uD/rELl/gkO5eUPXNbxZYgI=
-9,-20,s2G+WjfF7C9SP5fqypTKufN83Cw=,J2v0uD/rELl/gkO5eUPXNbxZYgI=
-7,-20,s2G+WjfF7C9SP5fqypTKufN83Cw=,J2v0uD/rELl/gkO5eUPXNbxZYgI=
-6,-20,s2G+WjfF7C9SP5fqypTKufN83Cw=,J2v0uD/rELl/gkO5eUPXNbxZYgI=
-8,-20,s2G+WjfF7C9SP5fqypTKufN83Cw=,J2v0uD/rELl/gkO5eUPXNbxZYgI=
-5,-20,s2G+WjfF7C9SP5fqypTKufN83Cw=,J2v0uD/rELl/gkO5eUPXNbxZYgI=
-6,-30,mOX5eJXAXlb4yQTM42xehGFLXss=,J2v0uD/rELl/gkO5eUPXNbxZYgI=
-4,-20,s2G+WjfF7C9SP5fqypTKufN83Cw=,J2v0uD/rELl/gkO5eUPXNbxZYgI=
-2,-32,s2G+WjfF7C9SP5fqypTKufN83Cw=,J2v0uD/rELl/gkO5eUPXNbxZYgI=
-3,-20,mOX5eJXAXlb4yQTM42xehGFLXss=,J2v0uD/rELl/gkO5eUPXNbxZYgI=
-2,-20,mOX5eJXAXlb4yQTM42xehGFLXss=,J2v0uD/rELl/gkO5eUPXNbxZYgI=
-1,-20,mOX5eJXAXlb4yQTM42xehGFLXss=,J2v0uD/rELl/gkO5eUPXNbxZYgI=
-13,-32,mOX5eJXAXlb4yQTM42xehGFLXss=,J2v0uD/rELl/gkO5eUPXNbxZYgI=
-16,-19,mOX5eJXAXlb4yQTM42xehGFLXss=,J2v0uD/rELl/gkO5eUPXNbxZYgI=
-15,-32,mOX5eJXAXlb4yQTM42xehGFLXss=,J2v0uD/rELl/gkO5eUPXNbxZYgI=
-15,-19,mOX5eJXAXlb4yQTM42xehGFLXss=,J2v0uD/rELl/gkO5eUPXNbxZYgI=
-14,-19,mOX5eJXAXlb4yQTM42xehGFLXss=,J2v0uD/rELl/gkO5eUPXNbxZYgI=
-12,-19,mOX5eJXAXlb4yQTM42xehGFLXss=,J2v0uD/rELl/gkO5eUPXNbxZYgI=
-13,-19,mOX5eJXAXlb4yQTM42xehGFLXss=,J2v0uD/rELl/gkO5eUPXNbxZYgI=
-11,-19,mOX5eJXAXlb4yQTM42xehGFLXss=,J2v0uD/rELl/gkO5eUPXNbxZYgI=
-9,-19,mOX5eJXAXlb4yQTM42xehGFLXss=,J2v0uD/rELl/gkO5eUPXNbxZYgI=
-10,-19,mOX5eJXAXlb4yQTM42xehGFLXss=,J2v0uD/rELl/gkO5eUPXNbxZYgI=
-8,-19,mOX5eJXAXlb4yQTM42xehGFLXss=,J2v0uD/rELl/gkO5eUPXNbxZYgI=
-7,-19,mOX5eJXAXlb4yQTM42xehGFLXss=,J2v0uD/rELl/gkO5eUPXNbxZYgI=
-6,-19,mOX5eJXAXlb4yQTM42xehGFLXss=,J2v0uD/rELl/gkO5eUPXNbxZYgI=
-5,-19,mOX5eJXAXlb4yQTM42xehGFLXss=,J2v0uD/rELl/gkO5eUPXNbxZYgI=
-4,-19,mOX5eJXAXlb4yQTM42xehGFLXss=,J2v0uD/rELl/gkO5eUPXNbxZYgI=
-5,-30,mOX5eJXAXlb4yQTM42xehGFLXss=,J2v0uD/rELl/gkO5eUPXNbxZYgI=
-3,-19,mOX5eJXAXlb4yQTM42xehGFLXss=,J2v0uD/rELl/gkO5eUPXNbxZYgI=
-1,-32,mOX5eJXAXlb4yQTM42xehGFLXss=,J2v0uD/rELl/gkO5eUPXNbxZYgI=
-2,-19,mOX5eJXAXlb4yQTM42xehGFLXss=,J2v0uD/rELl/gkO5eUPXNbxZYgI=
-16,-31,mOX5eJXAXlb4yQTM42xehGFLXss=,J2v0uD/rELl/gkO5eUPXNbxZYgI=
-1,-19,mOX5eJXAXlb4yQTM42xehGFLXss=,J2v0uD/rELl/gkO5eUPXNbxZYgI=
-16,-18,mOX5eJXAXlb4yQTM42xehGFLXss=,J2v0uD/rELl/gkO5eUPXNbxZYgI=
-15,-18,mOX5eJXAXlb4yQTM42xehGFLXss=,J2v0uD/rELl/gkO5eUPXNbxZYgI=
-14,-18,mOX5eJXAXlb4yQTM42xehGFLXss=,J2v0uD/rELl/gkO5eUPXNbxZYgI=
-1,-31,mOX5eJXAXlb4yQTM42xehGFLXss=,J2v0uD/rELl/gkO5eUPXNbxZYgI=
-2,-31,mOX5eJXAXlb4yQTM42xehGFLXss=,J2v0uD/rELl/gkO5eUPXNbxZYgI=
-13,-18,mOX5eJXAXlb4yQTM42xehGFLXss=,J2v0uD/rELl/gkO5eUPXNbxZYgI=
-3,-31,mOX5eJXAXlb4yQTM42xehGFLXss=,J2v0uD/rELl/gkO5eUPXNbxZYgI=
-2,-17,mOX5eJXAXlb4yQTM42xehGFLXss=,J2v0uD/rELl/gkO5eUPXNbxZYgI=
-4,-31,mOX5eJXAXlb4yQTM42xehGFLXss=,J2v0uD/rELl/gkO5eUPXNbxZYgI=
-5,-31,s2G+WjfF7C9SP5fqypTKufN83Cw=,J2v0uD/rELl/gkO5eUPXNbxZYgI=
-6,-31,s2G+WjfF7C9SP5fqypTKufN83Cw=,J2v0uD/rELl/gkO5eUPXNbxZYgI=
-7,-31,s2G+WjfF7C9SP5fqypTKufN83Cw=,J2v0uD/rELl/gkO5eUPXNbxZYgI=
-8,-31,s2G+WjfF7C9SP5fqypTKufN83Cw=,J2v0uD/rELl/gkO5eUPXNbxZYgI=
-10,-17,mOX5eJXAXlb4yQTM42xehGFLXss=,J2v0uD/rELl/gkO5eUPXNbxZYgI=
-12,-18,mOX5eJXAXlb4yQTM42xehGFLXss=,J2v0uD/rELl/gkO5eUPXNbxZYgI=
-11,-18,mOX5eJXAXlb4yQTM42xehGFLXss=,J2v0uD/rELl/gkO5eUPXNbxZYgI=
-10,-18,mOX5eJXAXlb4yQTM42xehGFLXss=,J2v0uD/rELl/gkO5eUPXNbxZYgI=
-9,-18,mOX5eJXAXlb4yQTM42xehGFLXss=,J2v0uD/rELl/gkO5eUPXNbxZYgI=
-8,-18,mOX5eJXAXlb4yQTM42xehGFLXss=,J2v0uD/rELl/gkO5eUPXNbxZYgI=
-7,-18,mOX5eJXAXlb4yQTM42xehGFLXss=,J2v0uD/rELl/gkO5eUPXNbxZYgI=
-6,-18,mOX5eJXAXlb4yQTM42xehGFLXss=,J2v0uD/rELl/gkO5eUPXNbxZYgI=
-5,-18,mOX5eJXAXlb4yQTM42xehGFLXss=,J2v0uD/rELl/gkO5eUPXNbxZYgI=
-4,-18,mOX5eJXAXlb4yQTM42xehGFLXss=,J2v0uD/rELl/gkO5eUPXNbxZYgI=
-3,-18,mOX5eJXAXlb4yQTM42xehGFLXss=,J2v0uD/rELl/gkO5eUPXNbxZYgI=
-4,-30,mOX5eJXAXlb4yQTM42xehGFLXss=,J2v0uD/rELl/gkO5eUPXNbxZYgI=
-12,-22,s2G+WjfF7C9SP5fqypTKufN83Cw=,J2v0uD/rELl/gkO5eUPXNbxZYgI=
-11,-17,mOX5eJXAXlb4yQTM42xehGFLXss=,J2v0uD/rELl/gkO5eUPXNbxZYgI=
-2,-18,mOX5eJXAXlb4yQTM42xehGFLXss=,J2v0uD/rELl/gkO5eUPXNbxZYgI=
-14,-32,mOX5eJXAXlb4yQTM42xehGFLXss=,J2v0uD/rELl/gkO5eUPXNbxZYgI=
-14,-31,mOX5eJXAXlb4yQTM42xehGFLXss=,J2v0uD/rELl/gkO5eUPXNbxZYgI=
-8,-17,mOX5eJXAXlb4yQTM42xehGFLXss=,J2v0uD/rELl/gkO5eUPXNbxZYgI=
-1,-18,mOX5eJXAXlb4yQTM42xehGFLXss=,J2v0uD/rELl/gkO5eUPXNbxZYgI=
-13,-31,mOX5eJXAXlb4yQTM42xehGFLXss=,J2v0uD/rELl/gkO5eUPXNbxZYgI=
-5,-17,mOX5eJXAXlb4yQTM42xehGFLXss=,J2v0uD/rELl/gkO5eUPXNbxZYgI=
-15,-31,mOX5eJXAXlb4yQTM42xehGFLXss=,J2v0uD/rELl/gkO5eUPXNbxZYgI=
-10,-31,mOX5eJXAXlb4yQTM42xehGFLXss=,J2v0uD/rELl/gkO5eUPXNbxZYgI=
-9,-31,mOX5eJXAXlb4yQTM42xehGFLXss=,J2v0uD/rELl/gkO5eUPXNbxZYgI=
-11,-31,mOX5eJXAXlb4yQTM42xehGFLXss=,J2v0uD/rELl/gkO5eUPXNbxZYgI=
-12,-31,mOX5eJXAXlb4yQTM42xehGFLXss=,J2v0uD/rELl/gkO5eUPXNbxZYgI=
-1,-17,mOX5eJXAXlb4yQTM42xehGFLXss=,J2v0uD/rELl/gkO5eUPXNbxZYgI=
-16,-17,mOX5eJXAXlb4yQTM42xehGFLXss=,J2v0uD/rELl/gkO5eUPXNbxZYgI=
-14,-17,mOX5eJXAXlb4yQTM42xehGFLXss=,J2v0uD/rELl/gkO5eUPXNbxZYgI=
-3,-17,mOX5eJXAXlb4yQTM42xehGFLXss=,J2v0uD/rELl/gkO5eUPXNbxZYgI=
-4,-17,mOX5eJXAXlb4yQTM42xehGFLXss=,J2v0uD/rELl/gkO5eUPXNbxZYgI=
-6,-17,mOX5eJXAXlb4yQTM42xehGFLXss=,J2v0uD/rELl/gkO5eUPXNbxZYgI=
-12,-17,mOX5eJXAXlb4yQTM42xehGFLXss=,J2v0uD/rELl/gkO5eUPXNbxZYgI=
-13,-17,mOX5eJXAXlb4yQTM42xehGFLXss=,J2v0uD/rELl/gkO5eUPXNbxZYgI=
-7,-17,mOX5eJXAXlb4yQTM42xehGFLXss=,J2v0uD/rELl/gkO5eUPXNbxZYgI=
-9,-17,mOX5eJXAXlb4yQTM42xehGFLXss=,J2v0uD/rELl/gkO5eUPXNbxZYgI=
-15,-17,mOX5eJXAXlb4yQTM42xehGFLXss=,J2v0uD/rELl/gkO5eUPXNbxZYgI=
-19,-30,nRbFa6BgBi9GR+AUqeyjyuEHuiI=,gnQdbnJKXcPqtg9K8VYOt007fq8=
-18,-30,nRbFa6BgBi9GR+AUqeyjyuEHuiI=,gnQdbnJKXcPqtg9K8VYOt007fq8=
-32,-29,nRbFa6BgBi9GR+AUqeyjyuEHuiI=,gnQdbnJKXcPqtg9K8VYOt007fq8=
-17,-30,nRbFa6BgBi9GR+AUqeyjyuEHuiI=,gnQdbnJKXcPqtg9K8VYOt007fq8=
-31,-29,MLyZ/noin7eNFWmKP3TbgsUQ4oQ=,gnQdbnJKXcPqtg9K8VYOt007fq8=
-30,-29,MLyZ/noin7eNFWmKP3TbgsUQ4oQ=,gnQdbnJKXcPqtg9K8VYOt007fq8=
-32,-30,nRbFa6BgBi9GR+AUqeyjyuEHuiI=,gnQdbnJKXcPqtg9K8VYOt007fq8=
-28,-32,nRbFa6BgBi9GR+AUqeyjyuEHuiI=,gnQdbnJKXcPqtg9K8VYOt007fq8=
-29,-29,MLyZ/noin7eNFWmKP3TbgsUQ4oQ=,gnQdbnJKXcPqtg9K8VYOt007fq8=
-28,-29,MLyZ/noin7eNFWmKP3TbgsUQ4oQ=,gnQdbnJKXcPqtg9K8VYOt007fq8=
-27,-29,MLyZ/noin7eNFWmKP3TbgsUQ4oQ=,gnQdbnJKXcPqtg9K8VYOt007fq8=
-26,-29,MLyZ/noin7eNFWmKP3TbgsUQ4oQ=,gnQdbnJKXcPqtg9K8VYOt007fq8=
-25,-29,MLyZ/noin7eNFWmKP3TbgsUQ4oQ=,gnQdbnJKXcPqtg9K8VYOt007fq8=
-24,-29,MLyZ/noin7eNFWmKP3TbgsUQ4oQ=,gnQdbnJKXcPqtg9K8VYOt007fq8=
-23,-29,nRbFa6BgBi9GR+AUqeyjyuEHuiI=,gnQdbnJKXcPqtg9K8VYOt007fq8=
-22,-29,nRbFa6BgBi9GR+AUqeyjyuEHuiI=,gnQdbnJKXcPqtg9K8VYOt007fq8=
-21,-29,nRbFa6BgBi9GR+AUqeyjyuEHuiI=,gnQdbnJKXcPqtg9K8VYOt007fq8=
-20,-29,nRbFa6BgBi9GR+AUqeyjyuEHuiI=,gnQdbnJKXcPqtg9K8VYOt007fq8=
-19,-29,nRbFa6BgBi9GR+AUqeyjyuEHuiI=,gnQdbnJKXcPqtg9K8VYOt007fq8=
-18,-29,nRbFa6BgBi9GR+AUqeyjyuEHuiI=,gnQdbnJKXcPqtg9K8VYOt007fq8=
-31,-30,nRbFa6BgBi9GR+AUqeyjyuEHuiI=,gnQdbnJKXcPqtg9K8VYOt007fq8=
-17,-29,nRbFa6BgBi9GR+AUqeyjyuEHuiI=,gnQdbnJKXcPqtg9K8VYOt007fq8=
-32,-32,MLyZ/noin7eNFWmKP3TbgsUQ4oQ=,gnQdbnJKXcPqtg9K8VYOt007fq8=
-32,-28,nRbFa6BgBi9GR+AUqeyjyuEHuiI=,gnQdbnJKXcPqtg9K8VYOt007fq8=
-31,-28,nRbFa6BgBi9GR+AUqeyjyuEHuiI=,gnQdbnJKXcPqtg9K8VYOt007fq8=
-30,-28,nRbFa6BgBi9GR+AUqeyjyuEHuiI=,gnQdbnJKXcPqtg9K8VYOt007fq8=
-29,-28,nRbFa6BgBi9GR+AUqeyjyuEHuiI=,gnQdbnJKXcPqtg9K8VYOt007fq8=
-30,-30,nRbFa6BgBi9GR+AUqeyjyuEHuiI=,gnQdbnJKXcPqtg9K8VYOt007fq8=
-28,-28,nRbFa6BgBi9GR+AUqeyjyuEHuiI=,gnQdbnJKXcPqtg9K8VYOt007fq8=
-27,-32,nRbFa6BgBi9GR+AUqeyjyuEHuiI=,gnQdbnJKXcPqtg9K8VYOt007fq8=
-27,-28,nRbFa6BgBi9GR+AUqeyjyuEHuiI=,gnQdbnJKXcPqtg9K8VYOt007fq8=
-26,-28,nRbFa6BgBi9GR+AUqeyjyuEHuiI=,gnQdbnJKXcPqtg9K8VYOt007fq8=
-25,-28,nRbFa6BgBi9GR+AUqeyjyuEHuiI=,gnQdbnJKXcPqtg9K8VYOt007fq8=
-24,-28,nRbFa6BgBi9GR+AUqeyjyuEHuiI=,gnQdbnJKXcPqtg9K8VYOt007fq8=
-23,-28,nRbFa6BgBi9GR+AUqeyjyuEHuiI=,gnQdbnJKXcPqtg9K8VYOt007fq8=
-22,-28,nRbFa6BgBi9GR+AUqeyjyuEHuiI=,gnQdbnJKXcPqtg9K8VYOt007fq8=
-21,-28,nRbFa6BgBi9GR+AUqeyjyuEHuiI=,gnQdbnJKXcPqtg9K8VYOt007fq8=
-20,-28,nRbFa6BgBi9GR+AUqeyjyuEHuiI=,gnQdbnJKXcPqtg9K8VYOt007fq8=
-19,-28,nRbFa6BgBi9GR+AUqeyjyuEHuiI=,gnQdbnJKXcPqtg9K8VYOt007fq8=
-18,-28,nRbFa6BgBi9GR+AUqeyjyuEHuiI=,gnQdbnJKXcPqtg9K8VYOt007fq8=
-26,-32,nRbFa6BgBi9GR+AUqeyjyuEHuiI=,gnQdbnJKXcPqtg9K8VYOt007fq8=
-17,-28,nRbFa6BgBi9GR+AUqeyjyuEHuiI=,gnQdbnJKXcPqtg9K8VYOt007fq8=
-32,-27,nRbFa6BgBi9GR+AUqeyjyuEHuiI=,gnQdbnJKXcPqtg9K8VYOt007fq8=
-31,-27,nRbFa6BgBi9GR+AUqeyjyuEHuiI=,gnQdbnJKXcPqtg9K8VYOt007fq8=
-30,-27,nRbFa6BgBi9GR+AUqeyjyuEHuiI=,gnQdbnJKXcPqtg9K8VYOt007fq8=
-29,-27,nRbFa6BgBi9GR+AUqeyjyuEHuiI=,gnQdbnJKXcPqtg9K8VYOt007fq8=
-28,-27,nRbFa6BgBi9GR+AUqeyjyuEHuiI=,gnQdbnJKXcPqtg9K8VYOt007fq8=
-29,-30,nRbFa6BgBi9GR+AUqeyjyuEHuiI=,gnQdbnJKXcPqtg9K8VYOt007fq8=
-25,-32,nRbFa6BgBi9GR+AUqeyjyuEHuiI=,gnQdbnJKXcPqtg9K8VYOt007fq8=
-27,-27,nRbFa6BgBi9GR+AUqeyjyuEHuiI=,gnQdbnJKXcPqtg9K8VYOt007fq8=
-26,-27,nRbFa6BgBi9GR+AUqeyjyuEHuiI=,gnQdbnJKXcPqtg9K8VYOt007fq8=
-25,-27,nRbFa6BgBi9GR+AUqeyjyuEHuiI=,gnQdbnJKXcPqtg9K8VYOt007fq8=
-24,-27,nRbFa6BgBi9GR+AUqeyjyuEHuiI=,gnQdbnJKXcPqtg9K8VYOt007fq8=
-23,-27,nRbFa6BgBi9GR+AUqeyjyuEHuiI=,gnQdbnJKXcPqtg9K8VYOt007fq8=
-22,-27,nRbFa6BgBi9GR+AUqeyjyuEHuiI=,gnQdbnJKXcPqtg9K8VYOt007fq8=
-21,-27,nRbFa6BgBi9GR+AUqeyjyuEHuiI=,gnQdbnJKXcPqtg9K8VYOt007fq8=
-20,-27,nRbFa6BgBi9GR+AUqeyjyuEHuiI=,gnQdbnJKXcPqtg9K8VYOt007fq8=
-19,-27,nRbFa6BgBi9GR+AUqeyjyuEHuiI=,gnQdbnJKXcPqtg9K8VYOt007fq8=
-18,-27,nRbFa6BgBi9GR+AUqeyjyuEHuiI=,gnQdbnJKXcPqtg9K8VYOt007fq8=
-17,-27,nRbFa6BgBi9GR+AUqeyjyuEHuiI=,gnQdbnJKXcPqtg9K8VYOt007fq8=
-32,-26,MLyZ/noin7eNFWmKP3TbgsUQ4oQ=,gnQdbnJKXcPqtg9K8VYOt007fq8=
-31,-26,MLyZ/noin7eNFWmKP3TbgsUQ4oQ=,gnQdbnJKXcPqtg9K8VYOt007fq8=
-30,-26,MLyZ/noin7eNFWmKP3TbgsUQ4oQ=,gnQdbnJKXcPqtg9K8VYOt007fq8=
-28,-26,MLyZ/noin7eNFWmKP3TbgsUQ4oQ=,gnQdbnJKXcPqtg9K8VYOt007fq8=
-27,-26,MLyZ/noin7eNFWmKP3TbgsUQ4oQ=,gnQdbnJKXcPqtg9K8VYOt007fq8=
-28,-30,nRbFa6BgBi9GR+AUqeyjyuEHuiI=,gnQdbnJKXcPqtg9K8VYOt007fq8=
-29,-26,MLyZ/noin7eNFWmKP3TbgsUQ4oQ=,gnQdbnJKXcPqtg9K8VYOt007fq8=
-24,-32,MLyZ/noin7eNFWmKP3TbgsUQ4oQ=,gnQdbnJKXcPqtg9K8VYOt007fq8=
-26,-26,MLyZ/noin7eNFWmKP3TbgsUQ4oQ=,gnQdbnJKXcPqtg9K8VYOt007fq8=
-25,-26,MLyZ/noin7eNFWmKP3TbgsUQ4oQ=,gnQdbnJKXcPqtg9K8VYOt007fq8=
-24,-26,MLyZ/noin7eNFWmKP3TbgsUQ4oQ=,gnQdbnJKXcPqtg9K8VYOt007fq8=
-29,-32,nRbFa6BgBi9GR+AUqeyjyuEHuiI=,gnQdbnJKXcPqtg9K8VYOt007fq8=
-17,-17,nRbFa6BgBi9GR+AUqeyjyuEHuiI=,gnQdbnJKXcPqtg9K8VYOt007fq8=
-18,-17,nRbFa6BgBi9GR+AUqeyjyuEHuiI=,gnQdbnJKXcPqtg9K8VYOt007fq8=
-23,-26,MLyZ/noin7eNFWmKP3TbgsUQ4oQ=,gnQdbnJKXcPqtg9K8VYOt007fq8=
-20,-17,nRbFa6BgBi9GR+AUqeyjyuEHuiI=,gnQdbnJKXcPqtg9K8VYOt007fq8=
-21,-17,nRbFa6BgBi9GR+AUqeyjyuEHuiI=,gnQdbnJKXcPqtg9K8VYOt007fq8=
-19,-17,nRbFa6BgBi9GR+AUqeyjyuEHuiI=,gnQdbnJKXcPqtg9K8VYOt007fq8=
-22,-26,MLyZ/noin7eNFWmKP3TbgsUQ4oQ=,gnQdbnJKXcPqtg9K8VYOt007fq8=
-22,-17,nRbFa6BgBi9GR+AUqeyjyuEHuiI=,gnQdbnJKXcPqtg9K8VYOt007fq8=
-23,-17,nRbFa6BgBi9GR+AUqeyjyuEHuiI=,gnQdbnJKXcPqtg9K8VYOt007fq8=
-21,-26,MLyZ/noin7eNFWmKP3TbgsUQ4oQ=,gnQdbnJKXcPqtg9K8VYOt007fq8=
-24,-17,nRbFa6BgBi9GR+AUqeyjyuEHuiI=,gnQdbnJKXcPqtg9K8VYOt007fq8=
-20,-26,MLyZ/noin7eNFWmKP3TbgsUQ4oQ=,gnQdbnJKXcPqtg9K8VYOt007fq8=
-19,-26,MLyZ/noin7eNFWmKP3TbgsUQ4oQ=,gnQdbnJKXcPqtg9K8VYOt007fq8=
-18,-26,MLyZ/noin7eNFWmKP3TbgsUQ4oQ=,gnQdbnJKXcPqtg9K8VYOt007fq8=
-25,-17,nRbFa6BgBi9GR+AUqeyjyuEHuiI=,gnQdbnJKXcPqtg9K8VYOt007fq8=
-17,-26,MLyZ/noin7eNFWmKP3TbgsUQ4oQ=,gnQdbnJKXcPqtg9K8VYOt007fq8=
-31,-25,MLyZ/noin7eNFWmKP3TbgsUQ4oQ=,gnQdbnJKXcPqtg9K8VYOt007fq8=
-32,-25,MLyZ/noin7eNFWmKP3TbgsUQ4oQ=,gnQdbnJKXcPqtg9K8VYOt007fq8=
-29,-17,nRbFa6BgBi9GR+AUqeyjyuEHuiI=,gnQdbnJKXcPqtg9K8VYOt007fq8=
-17,-31,nRbFa6BgBi9GR+AUqeyjyuEHuiI=,gnQdbnJKXcPqtg9K8VYOt007fq8=
-30,-25,MLyZ/noin7eNFWmKP3TbgsUQ4oQ=,gnQdbnJKXcPqtg9K8VYOt007fq8=
-31,-31,nRbFa6BgBi9GR+AUqeyjyuEHuiI=,gnQdbnJKXcPqtg9K8VYOt007fq8=
-18,-31,nRbFa6BgBi9GR+AUqeyjyuEHuiI=,gnQdbnJKXcPqtg9K8VYOt007fq8=
-19,-31,MLyZ/noin7eNFWmKP3TbgsUQ4oQ=,gnQdbnJKXcPqtg9K8VYOt007fq8=
-20,-31,MLyZ/noin7eNFWmKP3TbgsUQ4oQ=,gnQdbnJKXcPqtg9K8VYOt007fq8=
-22,-31,MLyZ/noin7eNFWmKP3TbgsUQ4oQ=,gnQdbnJKXcPqtg9K8VYOt007fq8=
-23,-31,MLyZ/noin7eNFWmKP3TbgsUQ4oQ=,gnQdbnJKXcPqtg9K8VYOt007fq8=
-21,-31,MLyZ/noin7eNFWmKP3TbgsUQ4oQ=,gnQdbnJKXcPqtg9K8VYOt007fq8=
-24,-31,MLyZ/noin7eNFWmKP3TbgsUQ4oQ=,gnQdbnJKXcPqtg9K8VYOt007fq8=
-25,-31,MLyZ/noin7eNFWmKP3TbgsUQ4oQ=,gnQdbnJKXcPqtg9K8VYOt007fq8=
-27,-31,MLyZ/noin7eNFWmKP3TbgsUQ4oQ=,gnQdbnJKXcPqtg9K8VYOt007fq8=
-28,-31,nRbFa6BgBi9GR+AUqeyjyuEHuiI=,gnQdbnJKXcPqtg9K8VYOt007fq8=
-26,-31,MLyZ/noin7eNFWmKP3TbgsUQ4oQ=,gnQdbnJKXcPqtg9K8VYOt007fq8=
-29,-25,MLyZ/noin7eNFWmKP3TbgsUQ4oQ=,gnQdbnJKXcPqtg9K8VYOt007fq8=
-29,-31,nRbFa6BgBi9GR+AUqeyjyuEHuiI=,gnQdbnJKXcPqtg9K8VYOt007fq8=
-27,-17,nRbFa6BgBi9GR+AUqeyjyuEHuiI=,gnQdbnJKXcPqtg9K8VYOt007fq8=
-28,-25,MLyZ/noin7eNFWmKP3TbgsUQ4oQ=,gnQdbnJKXcPqtg9K8VYOt007fq8=
-27,-25,MLyZ/noin7eNFWmKP3TbgsUQ4oQ=,gnQdbnJKXcPqtg9K8VYOt007fq8=
-30,-31,nRbFa6BgBi9GR+AUqeyjyuEHuiI=,gnQdbnJKXcPqtg9K8VYOt007fq8=
-30,-17,nRbFa6BgBi9GR+AUqeyjyuEHuiI=,gnQdbnJKXcPqtg9K8VYOt007fq8=
-30,-32,nRbFa6BgBi9GR+AUqeyjyuEHuiI=,gnQdbnJKXcPqtg9K8VYOt007fq8=
-17,-18,nRbFa6BgBi9GR+AUqeyjyuEHuiI=,gnQdbnJKXcPqtg9K8VYOt007fq8=
-26,-25,MLyZ/noin7eNFWmKP3TbgsUQ4oQ=,gnQdbnJKXcPqtg9K8VYOt007fq8=
-20,-30,nRbFa6BgBi9GR+AUqeyjyuEHuiI=,gnQdbnJKXcPqtg9K8VYOt007fq8=
-27,-30,nRbFa6BgBi9GR+AUqeyjyuEHuiI=,gnQdbnJKXcPqtg9K8VYOt007fq8=
-23,-32,MLyZ/noin7eNFWmKP3TbgsUQ4oQ=,gnQdbnJKXcPqtg9K8VYOt007fq8=
-18,-18,nRbFa6BgBi9GR+AUqeyjyuEHuiI=,gnQdbnJKXcPqtg9K8VYOt007fq8=
-25,-25,MLyZ/noin7eNFWmKP3TbgsUQ4oQ=,gnQdbnJKXcPqtg9K8VYOt007fq8=
-20,-18,nRbFa6BgBi9GR+AUqeyjyuEHuiI=,gnQdbnJKXcPqtg9K8VYOt007fq8=
-31,-17,nRbFa6BgBi9GR+AUqeyjyuEHuiI=,gnQdbnJKXcPqtg9K8VYOt007fq8=
-21,-18,nRbFa6BgBi9GR+AUqeyjyuEHuiI=,gnQdbnJKXcPqtg9K8VYOt007fq8=
-24,-25,MLyZ/noin7eNFWmKP3TbgsUQ4oQ=,gnQdbnJKXcPqtg9K8VYOt007fq8=
-22,-18,nRbFa6BgBi9GR+AUqeyjyuEHuiI=,gnQdbnJKXcPqtg9K8VYOt007fq8=
-23,-18,nRbFa6BgBi9GR+AUqeyjyuEHuiI=,gnQdbnJKXcPqtg9K8VYOt007fq8=
-28,-17,nRbFa6BgBi9GR+AUqeyjyuEHuiI=,gnQdbnJKXcPqtg9K8VYOt007fq8=
-26,-18,nRbFa6BgBi9GR+AUqeyjyuEHuiI=,gnQdbnJKXcPqtg9K8VYOt007fq8=
-28,-18,nRbFa6BgBi9GR+AUqeyjyuEHuiI=,gnQdbnJKXcPqtg9K8VYOt007fq8=
-26,-17,nRbFa6BgBi9GR+AUqeyjyuEHuiI=,gnQdbnJKXcPqtg9K8VYOt007fq8=
-23,-25,MLyZ/noin7eNFWmKP3TbgsUQ4oQ=,gnQdbnJKXcPqtg9K8VYOt007fq8=
-29,-18,nRbFa6BgBi9GR+AUqeyjyuEHuiI=,gnQdbnJKXcPqtg9K8VYOt007fq8=
-31,-18,nRbFa6BgBi9GR+AUqeyjyuEHuiI=,gnQdbnJKXcPqtg9K8VYOt007fq8=
-24,-18,nRbFa6BgBi9GR+AUqeyjyuEHuiI=,gnQdbnJKXcPqtg9K8VYOt007fq8=
-17,-19,nRbFa6BgBi9GR+AUqeyjyuEHuiI=,gnQdbnJKXcPqtg9K8VYOt007fq8=
-32,-31,nRbFa6BgBi9GR+AUqeyjyuEHuiI=,gnQdbnJKXcPqtg9K8VYOt007fq8=
-18,-19,nRbFa6BgBi9GR+AUqeyjyuEHuiI=,gnQdbnJKXcPqtg9K8VYOt007fq8=
-17,-32,MLyZ/noin7eNFWmKP3TbgsUQ4oQ=,gnQdbnJKXcPqtg9K8VYOt007fq8=
-32,-17,nRbFa6BgBi9GR+AUqeyjyuEHuiI=,gnQdbnJKXcPqtg9K8VYOt007fq8=
-21,-30,nRbFa6BgBi9GR+AUqeyjyuEHuiI=,gnQdbnJKXcPqtg9K8VYOt007fq8=
-27,-18,nRbFa6BgBi9GR+AUqeyjyuEHuiI=,gnQdbnJKXcPqtg9K8VYOt007fq8=
-30,-18,nRbFa6BgBi9GR+AUqeyjyuEHuiI=,gnQdbnJKXcPqtg9K8VYOt007fq8=
-32,-18,nRbFa6BgBi9GR+AUqeyjyuEHuiI=,gnQdbnJKXcPqtg9K8VYOt007fq8=
-25,-18,nRbFa6BgBi9GR+AUqeyjyuEHuiI=,gnQdbnJKXcPqtg9K8VYOt007fq8=
-21,-19,MLyZ/noin7eNFWmKP3TbgsUQ4oQ=,gnQdbnJKXcPqtg9K8VYOt007fq8=
-20,-19,MLyZ/noin7eNFWmKP3TbgsUQ4oQ=,gnQdbnJKXcPqtg9K8VYOt007fq8=
-22,-25,MLyZ/noin7eNFWmKP3TbgsUQ4oQ=,gnQdbnJKXcPqtg9K8VYOt007fq8=
-23,-19,MLyZ/noin7eNFWmKP3TbgsUQ4oQ=,gnQdbnJKXcPqtg9K8VYOt007fq8=
-19,-19,nRbFa6BgBi9GR+AUqeyjyuEHuiI=,gnQdbnJKXcPqtg9K8VYOt007fq8=
-25,-19,MLyZ/noin7eNFWmKP3TbgsUQ4oQ=,gnQdbnJKXcPqtg9K8VYOt007fq8=
-27,-19,MLyZ/noin7eNFWmKP3TbgsUQ4oQ=,gnQdbnJKXcPqtg9K8VYOt007fq8=
-26,-19,MLyZ/noin7eNFWmKP3TbgsUQ4oQ=,gnQdbnJKXcPqtg9K8VYOt007fq8=
-22,-19,MLyZ/noin7eNFWmKP3TbgsUQ4oQ=,gnQdbnJKXcPqtg9K8VYOt007fq8=
-31,-32,nRbFa6BgBi9GR+AUqeyjyuEHuiI=,gnQdbnJKXcPqtg9K8VYOt007fq8=
-29,-19,MLyZ/noin7eNFWmKP3TbgsUQ4oQ=,gnQdbnJKXcPqtg9K8VYOt007fq8=
-17,-20,MLyZ/noin7eNFWmKP3TbgsUQ4oQ=,gnQdbnJKXcPqtg9K8VYOt007fq8=
-18,-20,MLyZ/noin7eNFWmKP3TbgsUQ4oQ=,gnQdbnJKXcPqtg9K8VYOt007fq8=
-30,-19,MLyZ/noin7eNFWmKP3TbgsUQ4oQ=,gnQdbnJKXcPqtg9K8VYOt007fq8=
-21,-25,MLyZ/noin7eNFWmKP3TbgsUQ4oQ=,gnQdbnJKXcPqtg9K8VYOt007fq8=
-31,-19,MLyZ/noin7eNFWmKP3TbgsUQ4oQ=,gnQdbnJKXcPqtg9K8VYOt007fq8=
-18,-32,MLyZ/noin7eNFWmKP3TbgsUQ4oQ=,gnQdbnJKXcPqtg9K8VYOt007fq8=
-22,-30,nRbFa6BgBi9GR+AUqeyjyuEHuiI=,gnQdbnJKXcPqtg9K8VYOt007fq8=
-32,-19,MLyZ/noin7eNFWmKP3TbgsUQ4oQ=,gnQdbnJKXcPqtg9K8VYOt007fq8=
-24,-19,MLyZ/noin7eNFWmKP3TbgsUQ4oQ=,gnQdbnJKXcPqtg9K8VYOt007fq8=
-20,-25,MLyZ/noin7eNFWmKP3TbgsUQ4oQ=,gnQdbnJKXcPqtg9K8VYOt007fq8=
-21,-20,MLyZ/noin7eNFWmKP3TbgsUQ4oQ=,gnQdbnJKXcPqtg9K8VYOt007fq8=
-22,-20,MLyZ/noin7eNFWmKP3TbgsUQ4oQ=,gnQdbnJKXcPqtg9K8VYOt007fq8=
-28,-19,MLyZ/noin7eNFWmKP3TbgsUQ4oQ=,gnQdbnJKXcPqtg9K8VYOt007fq8=
-19,-25,MLyZ/noin7eNFWmKP3TbgsUQ4oQ=,gnQdbnJKXcPqtg9K8VYOt007fq8=
-24,-20,MLyZ/noin7eNFWmKP3TbgsUQ4oQ=,gnQdbnJKXcPqtg9K8VYOt007fq8=
-18,-25,MLyZ/noin7eNFWmKP3TbgsUQ4oQ=,gnQdbnJKXcPqtg9K8VYOt007fq8=
-17,-25,MLyZ/noin7eNFWmKP3TbgsUQ4oQ=,gnQdbnJKXcPqtg9K8VYOt007fq8=
-25,-20,MLyZ/noin7eNFWmKP3TbgsUQ4oQ=,gnQdbnJKXcPqtg9K8VYOt007fq8=
-32,-24,MLyZ/noin7eNFWmKP3TbgsUQ4oQ=,gnQdbnJKXcPqtg9K8VYOt007fq8=
-20,-20,MLyZ/noin7eNFWmKP3TbgsUQ4oQ=,gnQdbnJKXcPqtg9K8VYOt007fq8=
-31,-24,MLyZ/noin7eNFWmKP3TbgsUQ4oQ=,gnQdbnJKXcPqtg9K8VYOt007fq8=
-27,-20,MLyZ/noin7eNFWmKP3TbgsUQ4oQ=,gnQdbnJKXcPqtg9K8VYOt007fq8=
-30,-24,MLyZ/noin7eNFWmKP3TbgsUQ4oQ=,gnQdbnJKXcPqtg9K8VYOt007fq8=
-28,-20,MLyZ/noin7eNFWmKP3TbgsUQ4oQ=,gnQdbnJKXcPqtg9K8VYOt007fq8=
-29,-24,MLyZ/noin7eNFWmKP3TbgsUQ4oQ=,gnQdbnJKXcPqtg9K8VYOt007fq8=
-19,-20,MLyZ/noin7eNFWmKP3TbgsUQ4oQ=,gnQdbnJKXcPqtg9K8VYOt007fq8=
-30,-20,MLyZ/noin7eNFWmKP3TbgsUQ4oQ=,gnQdbnJKXcPqtg9K8VYOt007fq8=
-17,-21,MLyZ/noin7eNFWmKP3TbgsUQ4oQ=,gnQdbnJKXcPqtg9K8VYOt007fq8=
-31,-20,MLyZ/noin7eNFWmKP3TbgsUQ4oQ=,gnQdbnJKXcPqtg9K8VYOt007fq8=
-18,-21,MLyZ/noin7eNFWmKP3TbgsUQ4oQ=,gnQdbnJKXcPqtg9K8VYOt007fq8=
-26,-20,MLyZ/noin7eNFWmKP3TbgsUQ4oQ=,gnQdbnJKXcPqtg9K8VYOt007fq8=
-28,-24,MLyZ/noin7eNFWmKP3TbgsUQ4oQ=,gnQdbnJKXcPqtg9K8VYOt007fq8=
-27,-24,MLyZ/noin7eNFWmKP3TbgsUQ4oQ=,gnQdbnJKXcPqtg9K8VYOt007fq8=
-23,-20,MLyZ/noin7eNFWmKP3TbgsUQ4oQ=,gnQdbnJKXcPqtg9K8VYOt007fq8=
-19,-32,MLyZ/noin7eNFWmKP3TbgsUQ4oQ=,gnQdbnJKXcPqtg9K8VYOt007fq8=
-23,-30,nRbFa6BgBi9GR+AUqeyjyuEHuiI=,gnQdbnJKXcPqtg9K8VYOt007fq8=
-26,-24,MLyZ/noin7eNFWmKP3TbgsUQ4oQ=,gnQdbnJKXcPqtg9K8VYOt007fq8=
-25,-24,MLyZ/noin7eNFWmKP3TbgsUQ4oQ=,gnQdbnJKXcPqtg9K8VYOt007fq8=
-26,-30,nRbFa6BgBi9GR+AUqeyjyuEHuiI=,gnQdbnJKXcPqtg9K8VYOt007fq8=
-22,-32,MLyZ/noin7eNFWmKP3TbgsUQ4oQ=,gnQdbnJKXcPqtg9K8VYOt007fq8=
-20,-21,MLyZ/noin7eNFWmKP3TbgsUQ4oQ=,gnQdbnJKXcPqtg9K8VYOt007fq8=
-24,-24,MLyZ/noin7eNFWmKP3TbgsUQ4oQ=,gnQdbnJKXcPqtg9K8VYOt007fq8=
-29,-20,MLyZ/noin7eNFWmKP3TbgsUQ4oQ=,gnQdbnJKXcPqtg9K8VYOt007fq8=
-23,-24,MLyZ/noin7eNFWmKP3TbgsUQ4oQ=,gnQdbnJKXcPqtg9K8VYOt007fq8=
-23,-21,MLyZ/noin7eNFWmKP3TbgsUQ4oQ=,gnQdbnJKXcPqtg9K8VYOt007fq8=
-19,-21,MLyZ/noin7eNFWmKP3TbgsUQ4oQ=,gnQdbnJKXcPqtg9K8VYOt007fq8=
-22,-24,MLyZ/noin7eNFWmKP3TbgsUQ4oQ=,gnQdbnJKXcPqtg9K8VYOt007fq8=
-25,-21,MLyZ/noin7eNFWmKP3TbgsUQ4oQ=,gnQdbnJKXcPqtg9K8VYOt007fq8=
-32,-20,MLyZ/noin7eNFWmKP3TbgsUQ4oQ=,gnQdbnJKXcPqtg9K8VYOt007fq8=
-21,-24,MLyZ/noin7eNFWmKP3TbgsUQ4oQ=,gnQdbnJKXcPqtg9K8VYOt007fq8=
-27,-21,MLyZ/noin7eNFWmKP3TbgsUQ4oQ=,gnQdbnJKXcPqtg9K8VYOt007fq8=
-24,-21,MLyZ/noin7eNFWmKP3TbgsUQ4oQ=,gnQdbnJKXcPqtg9K8VYOt007fq8=
-26,-21,MLyZ/noin7eNFWmKP3TbgsUQ4oQ=,gnQdbnJKXcPqtg9K8VYOt007fq8=
-22,-21,MLyZ/noin7eNFWmKP3TbgsUQ4oQ=,gnQdbnJKXcPqtg9K8VYOt007fq8=
-20,-24,MLyZ/noin7eNFWmKP3TbgsUQ4oQ=,gnQdbnJKXcPqtg9K8VYOt007fq8=
-30,-21,MLyZ/noin7eNFWmKP3TbgsUQ4oQ=,gnQdbnJKXcPqtg9K8VYOt007fq8=
-17,-22,MLyZ/noin7eNFWmKP3TbgsUQ4oQ=,gnQdbnJKXcPqtg9K8VYOt007fq8=
-28,-21,MLyZ/noin7eNFWmKP3TbgsUQ4oQ=,gnQdbnJKXcPqtg9K8VYOt007fq8=
-21,-21,MLyZ/noin7eNFWmKP3TbgsUQ4oQ=,gnQdbnJKXcPqtg9K8VYOt007fq8=
-18,-22,MLyZ/noin7eNFWmKP3TbgsUQ4oQ=,gnQdbnJKXcPqtg9K8VYOt007fq8=
-29,-21,MLyZ/noin7eNFWmKP3TbgsUQ4oQ=,gnQdbnJKXcPqtg9K8VYOt007fq8=
-19,-24,MLyZ/noin7eNFWmKP3TbgsUQ4oQ=,gnQdbnJKXcPqtg9K8VYOt007fq8=
-21,-22,MLyZ/noin7eNFWmKP3TbgsUQ4oQ=,gnQdbnJKXcPqtg9K8VYOt007fq8=
-20,-32,MLyZ/noin7eNFWmKP3TbgsUQ4oQ=,gnQdbnJKXcPqtg9K8VYOt007fq8=
-24,-30,nRbFa6BgBi9GR+AUqeyjyuEHuiI=,gnQdbnJKXcPqtg9K8VYOt007fq8=
-18,-24,MLyZ/noin7eNFWmKP3TbgsUQ4oQ=,gnQdbnJKXcPqtg9K8VYOt007fq8=
-17,-24,MLyZ/noin7eNFWmKP3TbgsUQ4oQ=,gnQdbnJKXcPqtg9K8VYOt007fq8=
-32,-23,MLyZ/noin7eNFWmKP3TbgsUQ4oQ=,gnQdbnJKXcPqtg9K8VYOt007fq8=
-31,-23,MLyZ/noin7eNFWmKP3TbgsUQ4oQ=,gnQdbnJKXcPqtg9K8VYOt007fq8=
-23,-22,MLyZ/noin7eNFWmKP3TbgsUQ4oQ=,gnQdbnJKXcPqtg9K8VYOt007fq8=
-31,-21,MLyZ/noin7eNFWmKP3TbgsUQ4oQ=,gnQdbnJKXcPqtg9K8VYOt007fq8=
-30,-23,MLyZ/noin7eNFWmKP3TbgsUQ4oQ=,gnQdbnJKXcPqtg9K8VYOt007fq8=
-29,-23,MLyZ/noin7eNFWmKP3TbgsUQ4oQ=,gnQdbnJKXcPqtg9K8VYOt007fq8=
-22,-22,MLyZ/noin7eNFWmKP3TbgsUQ4oQ=,gnQdbnJKXcPqtg9K8VYOt007fq8=
-24,-22,MLyZ/noin7eNFWmKP3TbgsUQ4oQ=,gnQdbnJKXcPqtg9K8VYOt007fq8=
-28,-23,MLyZ/noin7eNFWmKP3TbgsUQ4oQ=,gnQdbnJKXcPqtg9K8VYOt007fq8=
-27,-23,MLyZ/noin7eNFWmKP3TbgsUQ4oQ=,gnQdbnJKXcPqtg9K8VYOt007fq8=
-27,-22,MLyZ/noin7eNFWmKP3TbgsUQ4oQ=,gnQdbnJKXcPqtg9K8VYOt007fq8=
-32,-21,MLyZ/noin7eNFWmKP3TbgsUQ4oQ=,gnQdbnJKXcPqtg9K8VYOt007fq8=
-26,-23,MLyZ/noin7eNFWmKP3TbgsUQ4oQ=,gnQdbnJKXcPqtg9K8VYOt007fq8=
-26,-22,MLyZ/noin7eNFWmKP3TbgsUQ4oQ=,gnQdbnJKXcPqtg9K8VYOt007fq8=
-25,-23,MLyZ/noin7eNFWmKP3TbgsUQ4oQ=,gnQdbnJKXcPqtg9K8VYOt007fq8=
-19,-22,MLyZ/noin7eNFWmKP3TbgsUQ4oQ=,gnQdbnJKXcPqtg9K8VYOt007fq8=
-25,-22,MLyZ/noin7eNFWmKP3TbgsUQ4oQ=,gnQdbnJKXcPqtg9K8VYOt007fq8=
-20,-22,MLyZ/noin7eNFWmKP3TbgsUQ4oQ=,gnQdbnJKXcPqtg9K8VYOt007fq8=
-17,-23,MLyZ/noin7eNFWmKP3TbgsUQ4oQ=,gnQdbnJKXcPqtg9K8VYOt007fq8=
-28,-22,MLyZ/noin7eNFWmKP3TbgsUQ4oQ=,gnQdbnJKXcPqtg9K8VYOt007fq8=
-24,-23,MLyZ/noin7eNFWmKP3TbgsUQ4oQ=,gnQdbnJKXcPqtg9K8VYOt007fq8=
-25,-30,nRbFa6BgBi9GR+AUqeyjyuEHuiI=,gnQdbnJKXcPqtg9K8VYOt007fq8=
-32,-22,MLyZ/noin7eNFWmKP3TbgsUQ4oQ=,gnQdbnJKXcPqtg9K8VYOt007fq8=
-21,-32,MLyZ/noin7eNFWmKP3TbgsUQ4oQ=,gnQdbnJKXcPqtg9K8VYOt007fq8=
-19,-23,MLyZ/noin7eNFWmKP3TbgsUQ4oQ=,gnQdbnJKXcPqtg9K8VYOt007fq8=
-23,-23,MLyZ/noin7eNFWmKP3TbgsUQ4oQ=,gnQdbnJKXcPqtg9K8VYOt007fq8=
-31,-22,MLyZ/noin7eNFWmKP3TbgsUQ4oQ=,gnQdbnJKXcPqtg9K8VYOt007fq8=
-30,-22,MLyZ/noin7eNFWmKP3TbgsUQ4oQ=,gnQdbnJKXcPqtg9K8VYOt007fq8=
-18,-23,MLyZ/noin7eNFWmKP3TbgsUQ4oQ=,gnQdbnJKXcPqtg9K8VYOt007fq8=
-21,-23,MLyZ/noin7eNFWmKP3TbgsUQ4oQ=,gnQdbnJKXcPqtg9K8VYOt007fq8=
-22,-23,MLyZ/noin7eNFWmKP3TbgsUQ4oQ=,gnQdbnJKXcPqtg9K8VYOt007fq8=
-20,-23,MLyZ/noin7eNFWmKP3TbgsUQ4oQ=,gnQdbnJKXcPqtg9K8VYOt007fq8=
-29,-22,MLyZ/noin7eNFWmKP3TbgsUQ4oQ=,gnQdbnJKXcPqtg9K8VYOt007fq8=
-19,-18,nRbFa6BgBi9GR+AUqeyjyuEHuiI=,gnQdbnJKXcPqtg9K8VYOt007fq8=
-20,-13,kKcerpFyuo1c3TXdS6lH8YvZ0+E=,UDu0YZWwwCTZxBy/xfXaKPj2z9k=
-29,-16,kKcerpFyuo1c3TXdS6lH8YvZ0+E=,UDu0YZWwwCTZxBy/xfXaKPj2z9k=
-17,-1,kKcerpFyuo1c3TXdS6lH8YvZ0+E=,UDu0YZWwwCTZxBy/xfXaKPj2z9k=
-17,-15,kKcerpFyuo1c3TXdS6lH8YvZ0+E=,UDu0YZWwwCTZxBy/xfXaKPj2z9k=
-19,-14,kKcerpFyuo1c3TXdS6lH8YvZ0+E=,UDu0YZWwwCTZxBy/xfXaKPj2z9k=
-20,-14,kKcerpFyuo1c3TXdS6lH8YvZ0+E=,UDu0YZWwwCTZxBy/xfXaKPj2z9k=
-21,-14,kKcerpFyuo1c3TXdS6lH8YvZ0+E=,UDu0YZWwwCTZxBy/xfXaKPj2z9k=
-23,-14,kKcerpFyuo1c3TXdS6lH8YvZ0+E=,UDu0YZWwwCTZxBy/xfXaKPj2z9k=
-22,-14,kKcerpFyuo1c3TXdS6lH8YvZ0+E=,UDu0YZWwwCTZxBy/xfXaKPj2z9k=
-24,-14,kKcerpFyuo1c3TXdS6lH8YvZ0+E=,UDu0YZWwwCTZxBy/xfXaKPj2z9k=
-25,-14,kKcerpFyuo1c3TXdS6lH8YvZ0+E=,UDu0YZWwwCTZxBy/xfXaKPj2z9k=
-26,-14,kKcerpFyuo1c3TXdS6lH8YvZ0+E=,UDu0YZWwwCTZxBy/xfXaKPj2z9k=
-28,-14,kKcerpFyuo1c3TXdS6lH8YvZ0+E=,UDu0YZWwwCTZxBy/xfXaKPj2z9k=
-27,-14,kKcerpFyuo1c3TXdS6lH8YvZ0+E=,UDu0YZWwwCTZxBy/xfXaKPj2z9k=
-30,-14,kKcerpFyuo1c3TXdS6lH8YvZ0+E=,UDu0YZWwwCTZxBy/xfXaKPj2z9k=
-29,-14,kKcerpFyuo1c3TXdS6lH8YvZ0+E=,UDu0YZWwwCTZxBy/xfXaKPj2z9k=
-31,-14,kKcerpFyuo1c3TXdS6lH8YvZ0+E=,UDu0YZWwwCTZxBy/xfXaKPj2z9k=
-21,-13,kKcerpFyuo1c3TXdS6lH8YvZ0+E=,UDu0YZWwwCTZxBy/xfXaKPj2z9k=
-18,-1,kKcerpFyuo1c3TXdS6lH8YvZ0+E=,UDu0YZWwwCTZxBy/xfXaKPj2z9k=
-32,-14,kKcerpFyuo1c3TXdS6lH8YvZ0+E=,UDu0YZWwwCTZxBy/xfXaKPj2z9k=
-19,-1,kKcerpFyuo1c3TXdS6lH8YvZ0+E=,UDu0YZWwwCTZxBy/xfXaKPj2z9k=
-20,-1,kKcerpFyuo1c3TXdS6lH8YvZ0+E=,UDu0YZWwwCTZxBy/xfXaKPj2z9k=
-21,-1,kKcerpFyuo1c3TXdS6lH8YvZ0+E=,UDu0YZWwwCTZxBy/xfXaKPj2z9k=
-22,-1,kKcerpFyuo1c3TXdS6lH8YvZ0+E=,UDu0YZWwwCTZxBy/xfXaKPj2z9k=
-24,-1,kKcerpFyuo1c3TXdS6lH8YvZ0+E=,UDu0YZWwwCTZxBy/xfXaKPj2z9k=
-25,-1,kKcerpFyuo1c3TXdS6lH8YvZ0+E=,UDu0YZWwwCTZxBy/xfXaKPj2z9k=
-23,-1,kKcerpFyuo1c3TXdS6lH8YvZ0+E=,UDu0YZWwwCTZxBy/xfXaKPj2z9k=
-26,-1,kKcerpFyuo1c3TXdS6lH8YvZ0+E=,UDu0YZWwwCTZxBy/xfXaKPj2z9k=
-27,-1,kKcerpFyuo1c3TXdS6lH8YvZ0+E=,UDu0YZWwwCTZxBy/xfXaKPj2z9k=
-28,-1,kKcerpFyuo1c3TXdS6lH8YvZ0+E=,UDu0YZWwwCTZxBy/xfXaKPj2z9k=
-29,-1,kKcerpFyuo1c3TXdS6lH8YvZ0+E=,UDu0YZWwwCTZxBy/xfXaKPj2z9k=
-30,-16,kKcerpFyuo1c3TXdS6lH8YvZ0+E=,UDu0YZWwwCTZxBy/xfXaKPj2z9k=
-30,-1,kKcerpFyuo1c3TXdS6lH8YvZ0+E=,UDu0YZWwwCTZxBy/xfXaKPj2z9k=
-22,-13,kKcerpFyuo1c3TXdS6lH8YvZ0+E=,UDu0YZWwwCTZxBy/xfXaKPj2z9k=
-31,-1,kKcerpFyuo1c3TXdS6lH8YvZ0+E=,UDu0YZWwwCTZxBy/xfXaKPj2z9k=
-18,-15,kKcerpFyuo1c3TXdS6lH8YvZ0+E=,UDu0YZWwwCTZxBy/xfXaKPj2z9k=
-32,-1,kKcerpFyuo1c3TXdS6lH8YvZ0+E=,UDu0YZWwwCTZxBy/xfXaKPj2z9k=
-17,-2,kKcerpFyuo1c3TXdS6lH8YvZ0+E=,UDu0YZWwwCTZxBy/xfXaKPj2z9k=
-18,-2,kKcerpFyuo1c3TXdS6lH8YvZ0+E=,UDu0YZWwwCTZxBy/xfXaKPj2z9k=
-20,-2,kKcerpFyuo1c3TXdS6lH8YvZ0+E=,UDu0YZWwwCTZxBy/xfXaKPj2z9k=
-19,-2,kKcerpFyuo1c3TXdS6lH8YvZ0+E=,UDu0YZWwwCTZxBy/xfXaKPj2z9k=
-21,-2,kKcerpFyuo1c3TXdS6lH8YvZ0+E=,UDu0YZWwwCTZxBy/xfXaKPj2z9k=
-22,-2,kKcerpFyuo1c3TXdS6lH8YvZ0+E=,UDu0YZWwwCTZxBy/xfXaKPj2z9k=
-24,-2,kKcerpFyuo1c3TXdS6lH8YvZ0+E=,UDu0YZWwwCTZxBy/xfXaKPj2z9k=
-23,-2,kKcerpFyuo1c3TXdS6lH8YvZ0+E=,UDu0YZWwwCTZxBy/xfXaKPj2z9k=
-26,-2,kKcerpFyuo1c3TXdS6lH8YvZ0+E=,UDu0YZWwwCTZxBy/xfXaKPj2z9k=
-25,-2,kKcerpFyuo1c3TXdS6lH8YvZ0+E=,UDu0YZWwwCTZxBy/xfXaKPj2z9k=
-27,-2,kKcerpFyuo1c3TXdS6lH8YvZ0+E=,UDu0YZWwwCTZxBy/xfXaKPj2z9k=
-29,-2,kKcerpFyuo1c3TXdS6lH8YvZ0+E=,UDu0YZWwwCTZxBy/xfXaKPj2z9k=
-28,-2,kKcerpFyuo1c3TXdS6lH8YvZ0+E=,UDu0YZWwwCTZxBy/xfXaKPj2z9k=
-30,-2,kKcerpFyuo1c3TXdS6lH8YvZ0+E=,UDu0YZWwwCTZxBy/xfXaKPj2z9k=
-23,-13,kKcerpFyuo1c3TXdS6lH8YvZ0+E=,UDu0YZWwwCTZxBy/xfXaKPj2z9k=
-31,-15,kKcerpFyuo1c3TXdS6lH8YvZ0+E=,UDu0YZWwwCTZxBy/xfXaKPj2z9k=
-31,-2,kKcerpFyuo1c3TXdS6lH8YvZ0+E=,UDu0YZWwwCTZxBy/xfXaKPj2z9k=
-32,-15,kKcerpFyuo1c3TXdS6lH8YvZ0+E=,UDu0YZWwwCTZxBy/xfXaKPj2z9k=
-31,-16,kKcerpFyuo1c3TXdS6lH8YvZ0+E=,UDu0YZWwwCTZxBy/xfXaKPj2z9k=
-32,-2,kKcerpFyuo1c3TXdS6lH8YvZ0+E=,UDu0YZWwwCTZxBy/xfXaKPj2z9k=
-17,-3,kKcerpFyuo1c3TXdS6lH8YvZ0+E=,UDu0YZWwwCTZxBy/xfXaKPj2z9k=
-18,-3,kKcerpFyuo1c3TXdS6lH8YvZ0+E=,UDu0YZWwwCTZxBy/xfXaKPj2z9k=
-19,-3,kKcerpFyuo1c3TXdS6lH8YvZ0+E=,UDu0YZWwwCTZxBy/xfXaKPj2z9k=
-20,-3,kKcerpFyuo1c3TXdS6lH8YvZ0+E=,UDu0YZWwwCTZxBy/xfXaKPj2z9k=
-22,-3,Xrn1f8NrnifFqA4+PwjHYRLBK4w=,UDu0YZWwwCTZxBy/xfXaKPj2z9k=
-21,-3,Xrn1f8NrnifFqA4+PwjHYRLBK4w=,UDu0YZWwwCTZxBy/xfXaKPj2z9k=
-24,-3,Xrn1f8NrnifFqA4+PwjHYRLBK4w=,UDu0YZWwwCTZxBy/xfXaKPj2z9k=
-23,-3,Xrn1f8NrnifFqA4+PwjHYRLBK4w=,UDu0YZWwwCTZxBy/xfXaKPj2z9k=
-25,-3,Xrn1f8NrnifFqA4+PwjHYRLBK4w=,UDu0YZWwwCTZxBy/xfXaKPj2z9k=
-26,-3,Xrn1f8NrnifFqA4+PwjHYRLBK4w=,UDu0YZWwwCTZxBy/xfXaKPj2z9k=
-27,-3,Xrn1f8NrnifFqA4+PwjHYRLBK4w=,UDu0YZWwwCTZxBy/xfXaKPj2z9k=
-28,-3,Xrn1f8NrnifFqA4+PwjHYRLBK4w=,UDu0YZWwwCTZxBy/xfXaKPj2z9k=
-29,-3,Xrn1f8NrnifFqA4+PwjHYRLBK4w=,UDu0YZWwwCTZxBy/xfXaKPj2z9k=
-19,-15,Xrn1f8NrnifFqA4+PwjHYRLBK4w=,UDu0YZWwwCTZxBy/xfXaKPj2z9k=
-24,-13,Xrn1f8NrnifFqA4+PwjHYRLBK4w=,UDu0YZWwwCTZxBy/xfXaKPj2z9k=
-17,-16,Xrn1f8NrnifFqA4+PwjHYRLBK4w=,UDu0YZWwwCTZxBy/xfXaKPj2z9k=
-30,-3,Xrn1f8NrnifFqA4+PwjHYRLBK4w=,UDu0YZWwwCTZxBy/xfXaKPj2z9k=
-31,-3,Xrn1f8NrnifFqA4+PwjHYRLBK4w=,UDu0YZWwwCTZxBy/xfXaKPj2z9k=
-20,-15,Xrn1f8NrnifFqA4+PwjHYRLBK4w=,UDu0YZWwwCTZxBy/xfXaKPj2z9k=
-32,-3,Xrn1f8NrnifFqA4+PwjHYRLBK4w=,UDu0YZWwwCTZxBy/xfXaKPj2z9k=
-17,-4,Xrn1f8NrnifFqA4+PwjHYRLBK4w=,UDu0YZWwwCTZxBy/xfXaKPj2z9k=
-18,-4,Xrn1f8NrnifFqA4+PwjHYRLBK4w=,UDu0YZWwwCTZxBy/xfXaKPj2z9k=
-25,-4,Xrn1f8NrnifFqA4+PwjHYRLBK4w=,UDu0YZWwwCTZxBy/xfXaKPj2z9k=
-20,-4,Xrn1f8NrnifFqA4+PwjHYRLBK4w=,UDu0YZWwwCTZxBy/xfXaKPj2z9k=
-24,-4,Xrn1f8NrnifFqA4+PwjHYRLBK4w=,UDu0YZWwwCTZxBy/xfXaKPj2z9k=
-26,-4,Xrn1f8NrnifFqA4+PwjHYRLBK4w=,UDu0YZWwwCTZxBy/xfXaKPj2z9k=
-27,-4,Xrn1f8NrnifFqA4+PwjHYRLBK4w=,UDu0YZWwwCTZxBy/xfXaKPj2z9k=
-23,-4,Xrn1f8NrnifFqA4+PwjHYRLBK4w=,UDu0YZWwwCTZxBy/xfXaKPj2z9k=
-19,-4,Xrn1f8NrnifFqA4+PwjHYRLBK4w=,UDu0YZWwwCTZxBy/xfXaKPj2z9k=
-25,-13,Xrn1f8NrnifFqA4+PwjHYRLBK4w=,UDu0YZWwwCTZxBy/xfXaKPj2z9k=
-18,-16,Xrn1f8NrnifFqA4+PwjHYRLBK4w=,UDu0YZWwwCTZxBy/xfXaKPj2z9k=
-28,-4,Xrn1f8NrnifFqA4+PwjHYRLBK4w=,UDu0YZWwwCTZxBy/xfXaKPj2z9k=
-31,-4,Xrn1f8NrnifFqA4+PwjHYRLBK4w=,UDu0YZWwwCTZxBy/xfXaKPj2z9k=
-21,-4,Xrn1f8NrnifFqA4+PwjHYRLBK4w=,UDu0YZWwwCTZxBy/xfXaKPj2z9k=
-22,-4,Xrn1f8NrnifFqA4+PwjHYRLBK4w=,UDu0YZWwwCTZxBy/xfXaKPj2z9k=
-17,-5,Xrn1f8NrnifFqA4+PwjHYRLBK4w=,UDu0YZWwwCTZxBy/xfXaKPj2z9k=
-21,-15,Xrn1f8NrnifFqA4+PwjHYRLBK4w=,UDu0YZWwwCTZxBy/xfXaKPj2z9k=
-30,-4,Xrn1f8NrnifFqA4+PwjHYRLBK4w=,UDu0YZWwwCTZxBy/xfXaKPj2z9k=
-32,-4,Xrn1f8NrnifFqA4+PwjHYRLBK4w=,UDu0YZWwwCTZxBy/xfXaKPj2z9k=
-20,-5,Xrn1f8NrnifFqA4+PwjHYRLBK4w=,UDu0YZWwwCTZxBy/xfXaKPj2z9k=
-29,-4,Xrn1f8NrnifFqA4+PwjHYRLBK4w=,UDu0YZWwwCTZxBy/xfXaKPj2z9k=
-24,-5,Xrn1f8NrnifFqA4+PwjHYRLBK4w=,UDu0YZWwwCTZxBy/xfXaKPj2z9k=
-22,-5,Xrn1f8NrnifFqA4+PwjHYRLBK4w=,UDu0YZWwwCTZxBy/xfXaKPj2z9k=
-18,-5,Xrn1f8NrnifFqA4+PwjHYRLBK4w=,UDu0YZWwwCTZxBy/xfXaKPj2z9k=
-25,-5,Xrn1f8NrnifFqA4+PwjHYRLBK4w=,UDu0YZWwwCTZxBy/xfXaKPj2z9k=
-21,-5,Xrn1f8NrnifFqA4+PwjHYRLBK4w=,UDu0YZWwwCTZxBy/xfXaKPj2z9k=
-23,-5,Xrn1f8NrnifFqA4+PwjHYRLBK4w=,UDu0YZWwwCTZxBy/xfXaKPj2z9k=
-19,-16,Xrn1f8NrnifFqA4+PwjHYRLBK4w=,UDu0YZWwwCTZxBy/xfXaKPj2z9k=
-19,-5,Xrn1f8NrnifFqA4+PwjHYRLBK4w=,UDu0YZWwwCTZxBy/xfXaKPj2z9k=
-26,-13,Xrn1f8NrnifFqA4+PwjHYRLBK4w=,UDu0YZWwwCTZxBy/xfXaKPj2z9k=
-27,-5,Xrn1f8NrnifFqA4+PwjHYRLBK4w=,UDu0YZWwwCTZxBy/xfXaKPj2z9k=
-28,-5,Xrn1f8NrnifFqA4+PwjHYRLBK4w=,UDu0YZWwwCTZxBy/xfXaKPj2z9k=
-26,-5,Xrn1f8NrnifFqA4+PwjHYRLBK4w=,UDu0YZWwwCTZxBy/xfXaKPj2z9k=
-29,-5,Xrn1f8NrnifFqA4+PwjHYRLBK4w=,UDu0YZWwwCTZxBy/xfXaKPj2z9k=
-30,-5,Xrn1f8NrnifFqA4+PwjHYRLBK4w=,UDu0YZWwwCTZxBy/xfXaKPj2z9k=
-32,-5,Xrn1f8NrnifFqA4+PwjHYRLBK4w=,UDu0YZWwwCTZxBy/xfXaKPj2z9k=
-31,-5,Xrn1f8NrnifFqA4+PwjHYRLBK4w=,UDu0YZWwwCTZxBy/xfXaKPj2z9k=
-22,-15,Xrn1f8NrnifFqA4+PwjHYRLBK4w=,UDu0YZWwwCTZxBy/xfXaKPj2z9k=
-18,-6,Xrn1f8NrnifFqA4+PwjHYRLBK4w=,UDu0YZWwwCTZxBy/xfXaKPj2z9k=
-20,-6,Xrn1f8NrnifFqA4+PwjHYRLBK4w=,UDu0YZWwwCTZxBy/xfXaKPj2z9k=
-21,-6,Xrn1f8NrnifFqA4+PwjHYRLBK4w=,UDu0YZWwwCTZxBy/xfXaKPj2z9k=
-17,-6,Xrn1f8NrnifFqA4+PwjHYRLBK4w=,UDu0YZWwwCTZxBy/xfXaKPj2z9k=
-19,-6,Xrn1f8NrnifFqA4+PwjHYRLBK4w=,UDu0YZWwwCTZxBy/xfXaKPj2z9k=
-26,-6,Xrn1f8NrnifFqA4+PwjHYRLBK4w=,UDu0YZWwwCTZxBy/xfXaKPj2z9k=
-27,-13,Xrn1f8NrnifFqA4+PwjHYRLBK4w=,UDu0YZWwwCTZxBy/xfXaKPj2z9k=
-23,-6,Xrn1f8NrnifFqA4+PwjHYRLBK4w=,UDu0YZWwwCTZxBy/xfXaKPj2z9k=
-20,-16,Xrn1f8NrnifFqA4+PwjHYRLBK4w=,UDu0YZWwwCTZxBy/xfXaKPj2z9k=
-25,-6,Xrn1f8NrnifFqA4+PwjHYRLBK4w=,UDu0YZWwwCTZxBy/xfXaKPj2z9k=
-27,-6,Xrn1f8NrnifFqA4+PwjHYRLBK4w=,UDu0YZWwwCTZxBy/xfXaKPj2z9k=
-24,-6,Xrn1f8NrnifFqA4+PwjHYRLBK4w=,UDu0YZWwwCTZxBy/xfXaKPj2z9k=
-28,-6,Xrn1f8NrnifFqA4+PwjHYRLBK4w=,UDu0YZWwwCTZxBy/xfXaKPj2z9k=
-23,-15,Xrn1f8NrnifFqA4+PwjHYRLBK4w=,UDu0YZWwwCTZxBy/xfXaKPj2z9k=
-32,-6,Xrn1f8NrnifFqA4+PwjHYRLBK4w=,UDu0YZWwwCTZxBy/xfXaKPj2z9k=
-22,-6,Xrn1f8NrnifFqA4+PwjHYRLBK4w=,UDu0YZWwwCTZxBy/xfXaKPj2z9k=
-29,-6,Xrn1f8NrnifFqA4+PwjHYRLBK4w=,UDu0YZWwwCTZxBy/xfXaKPj2z9k=
-18,-7,Xrn1f8NrnifFqA4+PwjHYRLBK4w=,UDu0YZWwwCTZxBy/xfXaKPj2z9k=
-17,-7,Xrn1f8NrnifFqA4+PwjHYRLBK4w=,UDu0YZWwwCTZxBy/xfXaKPj2z9k=
-30,-6,Xrn1f8NrnifFqA4+PwjHYRLBK4w=,UDu0YZWwwCTZxBy/xfXaKPj2z9k=
-22,-7,Xrn1f8NrnifFqA4+PwjHYRLBK4w=,UDu0YZWwwCTZxBy/xfXaKPj2z9k=
-24,-7,Xrn1f8NrnifFqA4+PwjHYRLBK4w=,UDu0YZWwwCTZxBy/xfXaKPj2z9k=
-31,-6,Xrn1f8NrnifFqA4+PwjHYRLBK4w=,UDu0YZWwwCTZxBy/xfXaKPj2z9k=
-25,-7,Xrn1f8NrnifFqA4+PwjHYRLBK4w=,UDu0YZWwwCTZxBy/xfXaKPj2z9k=
-23,-7,Xrn1f8NrnifFqA4+PwjHYRLBK4w=,UDu0YZWwwCTZxBy/xfXaKPj2z9k=
-26,-7,Xrn1f8NrnifFqA4+PwjHYRLBK4w=,UDu0YZWwwCTZxBy/xfXaKPj2z9k=
-21,-7,Xrn1f8NrnifFqA4+PwjHYRLBK4w=,UDu0YZWwwCTZxBy/xfXaKPj2z9k=
-20,-7,Xrn1f8NrnifFqA4+PwjHYRLBK4w=,UDu0YZWwwCTZxBy/xfXaKPj2z9k=
-28,-13,Xrn1f8NrnifFqA4+PwjHYRLBK4w=,UDu0YZWwwCTZxBy/xfXaKPj2z9k=
-28,-7,Xrn1f8NrnifFqA4+PwjHYRLBK4w=,UDu0YZWwwCTZxBy/xfXaKPj2z9k=
-21,-16,Xrn1f8NrnifFqA4+PwjHYRLBK4w=,UDu0YZWwwCTZxBy/xfXaKPj2z9k=
-27,-7,Xrn1f8NrnifFqA4+PwjHYRLBK4w=,UDu0YZWwwCTZxBy/xfXaKPj2z9k=
-24,-15,Xrn1f8NrnifFqA4+PwjHYRLBK4w=,UDu0YZWwwCTZxBy/xfXaKPj2z9k=
-19,-7,Xrn1f8NrnifFqA4+PwjHYRLBK4w=,UDu0YZWwwCTZxBy/xfXaKPj2z9k=
-32,-7,Xrn1f8NrnifFqA4+PwjHYRLBK4w=,UDu0YZWwwCTZxBy/xfXaKPj2z9k=
-29,-7,Xrn1f8NrnifFqA4+PwjHYRLBK4w=,UDu0YZWwwCTZxBy/xfXaKPj2z9k=
-18,-8,Xrn1f8NrnifFqA4+PwjHYRLBK4w=,UDu0YZWwwCTZxBy/xfXaKPj2z9k=
-31,-7,Xrn1f8NrnifFqA4+PwjHYRLBK4w=,UDu0YZWwwCTZxBy/xfXaKPj2z9k=
-30,-7,Xrn1f8NrnifFqA4+PwjHYRLBK4w=,UDu0YZWwwCTZxBy/xfXaKPj2z9k=
-22,-8,Xrn1f8NrnifFqA4+PwjHYRLBK4w=,UDu0YZWwwCTZxBy/xfXaKPj2z9k=
-21,-8,Xrn1f8NrnifFqA4+PwjHYRLBK4w=,UDu0YZWwwCTZxBy/xfXaKPj2z9k=
-23,-8,Xrn1f8NrnifFqA4+PwjHYRLBK4w=,UDu0YZWwwCTZxBy/xfXaKPj2z9k=
-22,-16,Xrn1f8NrnifFqA4+PwjHYRLBK4w=,UDu0YZWwwCTZxBy/xfXaKPj2z9k=
-17,-8,Xrn1f8NrnifFqA4+PwjHYRLBK4w=,UDu0YZWwwCTZxBy/xfXaKPj2z9k=
-29,-13,Xrn1f8NrnifFqA4+PwjHYRLBK4w=,UDu0YZWwwCTZxBy/xfXaKPj2z9k=
-26,-8,Xrn1f8NrnifFqA4+PwjHYRLBK4w=,UDu0YZWwwCTZxBy/xfXaKPj2z9k=
-20,-8,Xrn1f8NrnifFqA4+PwjHYRLBK4w=,UDu0YZWwwCTZxBy/xfXaKPj2z9k=
-28,-8,Xrn1f8NrnifFqA4+PwjHYRLBK4w=,UDu0YZWwwCTZxBy/xfXaKPj2z9k=
-25,-8,Xrn1f8NrnifFqA4+PwjHYRLBK4w=,UDu0YZWwwCTZxBy/xfXaKPj2z9k=
-24,-8,Xrn1f8NrnifFqA4+PwjHYRLBK4w=,UDu0YZWwwCTZxBy/xfXaKPj2z9k=
-29,-8,Xrn1f8NrnifFqA4+PwjHYRLBK4w=,UDu0YZWwwCTZxBy/xfXaKPj2z9k=
-19,-8,Xrn1f8NrnifFqA4+PwjHYRLBK4w=,UDu0YZWwwCTZxBy/xfXaKPj2z9k=
-31,-8,Xrn1f8NrnifFqA4+PwjHYRLBK4w=,UDu0YZWwwCTZxBy/xfXaKPj2z9k=
-27,-8,Xrn1f8NrnifFqA4+PwjHYRLBK4w=,UDu0YZWwwCTZxBy/xfXaKPj2z9k=
-18,-9,Xrn1f8NrnifFqA4+PwjHYRLBK4w=,UDu0YZWwwCTZxBy/xfXaKPj2z9k=
-17,-9,Xrn1f8NrnifFqA4+PwjHYRLBK4w=,UDu0YZWwwCTZxBy/xfXaKPj2z9k=
-22,-9,Xrn1f8NrnifFqA4+PwjHYRLBK4w=,UDu0YZWwwCTZxBy/xfXaKPj2z9k=
-19,-9,Xrn1f8NrnifFqA4+PwjHYRLBK4w=,UDu0YZWwwCTZxBy/xfXaKPj2z9k=
-21,-9,Xrn1f8NrnifFqA4+PwjHYRLBK4w=,UDu0YZWwwCTZxBy/xfXaKPj2z9k=
-30,-13,Xrn1f8NrnifFqA4+PwjHYRLBK4w=,UDu0YZWwwCTZxBy/xfXaKPj2z9k=
-23,-9,Xrn1f8NrnifFqA4+PwjHYRLBK4w=,UDu0YZWwwCTZxBy/xfXaKPj2z9k=
-30,-8,Xrn1f8NrnifFqA4+PwjHYRLBK4w=,UDu0YZWwwCTZxBy/xfXaKPj2z9k=
-23,-16,Xrn1f8NrnifFqA4+PwjHYRLBK4w=,UDu0YZWwwCTZxBy/xfXaKPj2z9k=
-27,-9,Xrn1f8NrnifFqA4+PwjHYRLBK4w=,UDu0YZWwwCTZxBy/xfXaKPj2z9k=
-25,-9,Xrn1f8NrnifFqA4+PwjHYRLBK4w=,UDu0YZWwwCTZxBy/xfXaKPj2z9k=
-24,-9,Xrn1f8NrnifFqA4+PwjHYRLBK4w=,UDu0YZWwwCTZxBy/xfXaKPj2z9k=
-20,-9,Xrn1f8NrnifFqA4+PwjHYRLBK4w=,UDu0YZWwwCTZxBy/xfXaKPj2z9k=
-29,-9,Xrn1f8NrnifFqA4+PwjHYRLBK4w=,UDu0YZWwwCTZxBy/xfXaKPj2z9k=
-32,-8,Xrn1f8NrnifFqA4+PwjHYRLBK4w=,UDu0YZWwwCTZxBy/xfXaKPj2z9k=
-30,-9,Xrn1f8NrnifFqA4+PwjHYRLBK4w=,UDu0YZWwwCTZxBy/xfXaKPj2z9k=
-26,-15,Xrn1f8NrnifFqA4+PwjHYRLBK4w=,UDu0YZWwwCTZxBy/xfXaKPj2z9k=
-26,-9,Xrn1f8NrnifFqA4+PwjHYRLBK4w=,UDu0YZWwwCTZxBy/xfXaKPj2z9k=
-32,-9,Xrn1f8NrnifFqA4+PwjHYRLBK4w=,UDu0YZWwwCTZxBy/xfXaKPj2z9k=
-18,-10,Xrn1f8NrnifFqA4+PwjHYRLBK4w=,UDu0YZWwwCTZxBy/xfXaKPj2z9k=
-25,-15,Xrn1f8NrnifFqA4+PwjHYRLBK4w=,UDu0YZWwwCTZxBy/xfXaKPj2z9k=
-17,-10,Xrn1f8NrnifFqA4+PwjHYRLBK4w=,UDu0YZWwwCTZxBy/xfXaKPj2z9k=
-28,-9,Xrn1f8NrnifFqA4+PwjHYRLBK4w=,UDu0YZWwwCTZxBy/xfXaKPj2z9k=
-21,-10,Xrn1f8NrnifFqA4+PwjHYRLBK4w=,UDu0YZWwwCTZxBy/xfXaKPj2z9k=
-22,-10,Xrn1f8NrnifFqA4+PwjHYRLBK4w=,UDu0YZWwwCTZxBy/xfXaKPj2z9k=
-23,-10,Xrn1f8NrnifFqA4+PwjHYRLBK4w=,UDu0YZWwwCTZxBy/xfXaKPj2z9k=
-24,-10,Xrn1f8NrnifFqA4+PwjHYRLBK4w=,UDu0YZWwwCTZxBy/xfXaKPj2z9k=
-19,-10,Xrn1f8NrnifFqA4+PwjHYRLBK4w=,UDu0YZWwwCTZxBy/xfXaKPj2z9k=
-31,-13,Xrn1f8NrnifFqA4+PwjHYRLBK4w=,UDu0YZWwwCTZxBy/xfXaKPj2z9k=
-24,-16,Xrn1f8NrnifFqA4+PwjHYRLBK4w=,UDu0YZWwwCTZxBy/xfXaKPj2z9k=
-25,-10,Xrn1f8NrnifFqA4+PwjHYRLBK4w=,UDu0YZWwwCTZxBy/xfXaKPj2z9k=
-31,-9,Xrn1f8NrnifFqA4+PwjHYRLBK4w=,UDu0YZWwwCTZxBy/xfXaKPj2z9k=
-26,-10,Xrn1f8NrnifFqA4+PwjHYRLBK4w=,UDu0YZWwwCTZxBy/xfXaKPj2z9k=
-29,-10,Xrn1f8NrnifFqA4+PwjHYRLBK4w=,UDu0YZWwwCTZxBy/xfXaKPj2z9k=
-27,-15,Xrn1f8NrnifFqA4+PwjHYRLBK4w=,UDu0YZWwwCTZxBy/xfXaKPj2z9k=
-30,-10,Xrn1f8NrnifFqA4+PwjHYRLBK4w=,UDu0YZWwwCTZxBy/xfXaKPj2z9k=
-32,-10,Xrn1f8NrnifFqA4+PwjHYRLBK4w=,UDu0YZWwwCTZxBy/xfXaKPj2z9k=
-17,-11,Xrn1f8NrnifFqA4+PwjHYRLBK4w=,UDu0YZWwwCTZxBy/xfXaKPj2z9k=
-28,-10,Xrn1f8NrnifFqA4+PwjHYRLBK4w=,UDu0YZWwwCTZxBy/xfXaKPj2z9k=
-27,-10,Xrn1f8NrnifFqA4+PwjHYRLBK4w=,UDu0YZWwwCTZxBy/xfXaKPj2z9k=
-21,-11,Xrn1f8NrnifFqA4+PwjHYRLBK4w=,UDu0YZWwwCTZxBy/xfXaKPj2z9k=
-19,-11,Xrn1f8NrnifFqA4+PwjHYRLBK4w=,UDu0YZWwwCTZxBy/xfXaKPj2z9k=
-28,-15,Xrn1f8NrnifFqA4+PwjHYRLBK4w=,UDu0YZWwwCTZxBy/xfXaKPj2z9k=
-20,-11,Xrn1f8NrnifFqA4+PwjHYRLBK4w=,UDu0YZWwwCTZxBy/xfXaKPj2z9k=
-25,-16,Xrn1f8NrnifFqA4+PwjHYRLBK4w=,UDu0YZWwwCTZxBy/xfXaKPj2z9k=
-22,-11,Xrn1f8NrnifFqA4+PwjHYRLBK4w=,UDu0YZWwwCTZxBy/xfXaKPj2z9k=
-20,-10,Xrn1f8NrnifFqA4+PwjHYRLBK4w=,UDu0YZWwwCTZxBy/xfXaKPj2z9k=
-18,-11,Xrn1f8NrnifFqA4+PwjHYRLBK4w=,UDu0YZWwwCTZxBy/xfXaKPj2z9k=
-25,-11,Xrn1f8NrnifFqA4+PwjHYRLBK4w=,UDu0YZWwwCTZxBy/xfXaKPj2z9k=
-31,-10,Xrn1f8NrnifFqA4+PwjHYRLBK4w=,UDu0YZWwwCTZxBy/xfXaKPj2z9k=
-23,-11,Xrn1f8NrnifFqA4+PwjHYRLBK4w=,UDu0YZWwwCTZxBy/xfXaKPj2z9k=
-24,-11,Xrn1f8NrnifFqA4+PwjHYRLBK4w=,UDu0YZWwwCTZxBy/xfXaKPj2z9k=
-32,-13,Xrn1f8NrnifFqA4+PwjHYRLBK4w=,UDu0YZWwwCTZxBy/xfXaKPj2z9k=
-28,-11,Xrn1f8NrnifFqA4+PwjHYRLBK4w=,UDu0YZWwwCTZxBy/xfXaKPj2z9k=
-27,-11,Xrn1f8NrnifFqA4+PwjHYRLBK4w=,UDu0YZWwwCTZxBy/xfXaKPj2z9k=
-29,-11,Xrn1f8NrnifFqA4+PwjHYRLBK4w=,UDu0YZWwwCTZxBy/xfXaKPj2z9k=
-30,-11,Xrn1f8NrnifFqA4+PwjHYRLBK4w=,UDu0YZWwwCTZxBy/xfXaKPj2z9k=
-26,-11,Xrn1f8NrnifFqA4+PwjHYRLBK4w=,UDu0YZWwwCTZxBy/xfXaKPj2z9k=
-31,-11,Xrn1f8NrnifFqA4+PwjHYRLBK4w=,UDu0YZWwwCTZxBy/xfXaKPj2z9k=
-28,-16,Xrn1f8NrnifFqA4+PwjHYRLBK4w=,UDu0YZWwwCTZxBy/xfXaKPj2z9k=
-18,-13,Xrn1f8NrnifFqA4+PwjHYRLBK4w=,UDu0YZWwwCTZxBy/xfXaKPj2z9k=
-18,-14,Xrn1f8NrnifFqA4+PwjHYRLBK4w=,UDu0YZWwwCTZxBy/xfXaKPj2z9k=
-19,-13,Xrn1f8NrnifFqA4+PwjHYRLBK4w=,UDu0YZWwwCTZxBy/xfXaKPj2z9k=
-27,-16,Xrn1f8NrnifFqA4+PwjHYRLBK4w=,UDu0YZWwwCTZxBy/xfXaKPj2z9k=
-30,-15,Xrn1f8NrnifFqA4+PwjHYRLBK4w=,UDu0YZWwwCTZxBy/xfXaKPj2z9k=
-17,-13,Xrn1f8NrnifFqA4+PwjHYRLBK4w=,UDu0YZWwwCTZxBy/xfXaKPj2z9k=
-32,-12,Xrn1f8NrnifFqA4+PwjHYRLBK4w=,UDu0YZWwwCTZxBy/xfXaKPj2z9k=
-31,-12,Xrn1f8NrnifFqA4+PwjHYRLBK4w=,UDu0YZWwwCTZxBy/xfXaKPj2z9k=
-30,-12,Xrn1f8NrnifFqA4+PwjHYRLBK4w=,UDu0YZWwwCTZxBy/xfXaKPj2z9k=
-29,-12,Xrn1f8NrnifFqA4+PwjHYRLBK4w=,UDu0YZWwwCTZxBy/xfXaKPj2z9k=
-28,-12,Xrn1f8NrnifFqA4+PwjHYRLBK4w=,UDu0YZWwwCTZxBy/xfXaKPj2z9k=
-27,-12,Xrn1f8NrnifFqA4+PwjHYRLBK4w=,UDu0YZWwwCTZxBy/xfXaKPj2z9k=
-26,-12,Xrn1f8NrnifFqA4+PwjHYRLBK4w=,UDu0YZWwwCTZxBy/xfXaKPj2z9k=
-25,-12,Xrn1f8NrnifFqA4+PwjHYRLBK4w=,UDu0YZWwwCTZxBy/xfXaKPj2z9k=
-24,-12,Xrn1f8NrnifFqA4+PwjHYRLBK4w=,UDu0YZWwwCTZxBy/xfXaKPj2z9k=
-21,-12,Xrn1f8NrnifFqA4+PwjHYRLBK4w=,UDu0YZWwwCTZxBy/xfXaKPj2z9k=
-26,-16,Xrn1f8NrnifFqA4+PwjHYRLBK4w=,UDu0YZWwwCTZxBy/xfXaKPj2z9k=
-32,-16,Xrn1f8NrnifFqA4+PwjHYRLBK4w=,UDu0YZWwwCTZxBy/xfXaKPj2z9k=
-23,-12,Xrn1f8NrnifFqA4+PwjHYRLBK4w=,UDu0YZWwwCTZxBy/xfXaKPj2z9k=
-22,-12,Xrn1f8NrnifFqA4+PwjHYRLBK4w=,UDu0YZWwwCTZxBy/xfXaKPj2z9k=
-19,-12,Xrn1f8NrnifFqA4+PwjHYRLBK4w=,UDu0YZWwwCTZxBy/xfXaKPj2z9k=
-20,-12,Xrn1f8NrnifFqA4+PwjHYRLBK4w=,UDu0YZWwwCTZxBy/xfXaKPj2z9k=
-17,-14,Xrn1f8NrnifFqA4+PwjHYRLBK4w=,UDu0YZWwwCTZxBy/xfXaKPj2z9k=
-17,-12,Xrn1f8NrnifFqA4+PwjHYRLBK4w=,UDu0YZWwwCTZxBy/xfXaKPj2z9k=
-18,-12,Xrn1f8NrnifFqA4+PwjHYRLBK4w=,UDu0YZWwwCTZxBy/xfXaKPj2z9k=
-32,-11,Xrn1f8NrnifFqA4+PwjHYRLBK4w=,UDu0YZWwwCTZxBy/xfXaKPj2z9k=
-29,-15,Xrn1f8NrnifFqA4+PwjHYRLBK4w=,UDu0YZWwwCTZxBy/xfXaKPj2z9k=
