-4,0,DnwhxsOUg30LdwgnLyIVcgIjQ/Q=,fQjl4YxXihG7pA20wRyOKg0w2w4=
-1,0,9h+Ft/8xPVRF1YpL8PEoEzyOMRw=,5gwvpKaPU83S846qhgUAhTSwC7g=
-3,0,9h+Ft/8xPVRF1YpL8PEoEzyOMRw=,INfqm0HnR/nppYmhQB9alRiAbsQ=
-2,0,HuzPpDYji+JanuMi9MwVwzm4RWw=,MT5D5QiQqTBPKuwBTgv6hl2mCus=
-2,2,HuzPpDYji+JanuMi9MwVwzm4RWw=,MT5D5QiQqTBPKuwBTgv6hl2mCus=
-2,1,HuzPpDYji+JanuMi9MwVwzm4RWw=,MT5D5QiQqTBPKuwBTgv6hl2mCus=
-1,2,9h+Ft/8xPVRF1YpL8PEoEzyOMRw=,5gwvpKaPU83S846qhgUAhTSwC7g=
-1,1,9h+Ft/8xPVRF1YpL8PEoEzyOMRw=,5gwvpKaPU83S846qhgUAhTSwC7g=
-3,1,9h+Ft/8xPVRF1YpL8PEoEzyOMRw=,Gg5WI58fivC7ePwNClkypOGZ6dU=
-3,2,9h+Ft/8xPVRF1YpL8PEoEzyOMRw=,Gg5WI58fivC7ePwNClkypOGZ6dU=
