-27,5,kwvV+1L7eJv8dWIG2s6pwEK7Ot0=,OtPwI+Counf4SPOAxG1rTMmwPpM=
-26,5,kwvV+1L7eJv8dWIG2s6pwEK7Ot0=,OtPwI+Counf4SPOAxG1rTMmwPpM=
-27,6,kwvV+1L7eJv8dWIG2s6pwEK7Ot0=,OtPwI+Counf4SPOAxG1rTMmwPpM=
-26,6,kwvV+1L7eJv8dWIG2s6pwEK7Ot0=,OtPwI+Counf4SPOAxG1rTMmwPpM=
-31,6,kwvV+1L7eJv8dWIG2s6pwEK7Ot0=,OtPwI+Counf4SPOAxG1rTMmwPpM=
-29,6,kwvV+1L7eJv8dWIG2s6pwEK7Ot0=,OtPwI+Counf4SPOAxG1rTMmwPpM=
-30,5,kwvV+1L7eJv8dWIG2s6pwEK7Ot0=,OtPwI+Counf4SPOAxG1rTMmwPpM=
-29,5,kwvV+1L7eJv8dWIG2s6pwEK7Ot0=,OtPwI+Counf4SPOAxG1rTMmwPpM=
-31,5,kwvV+1L7eJv8dWIG2s6pwEK7Ot0=,OtPwI+Counf4SPOAxG1rTMmwPpM=
-28,6,kwvV+1L7eJv8dWIG2s6pwEK7Ot0=,OtPwI+Counf4SPOAxG1rTMmwPpM=
-28,5,kwvV+1L7eJv8dWIG2s6pwEK7Ot0=,OtPwI+Counf4SPOAxG1rTMmwPpM=
-30,6,kwvV+1L7eJv8dWIG2s6pwEK7Ot0=,OtPwI+Counf4SPOAxG1rTMmwPpM=
-19,1,Xvn5qGy2BbMh5AM/S6ULLAQmAfg=,lrKBiVtXUWwwwe4tWJL0LeqDoIc=
-18,1,Xvn5qGy2BbMh5AM/S6ULLAQmAfg=,lrKBiVtXUWwwwe4tWJL0LeqDoIc=
-19,2,Xvn5qGy2BbMh5AM/S6ULLAQmAfg=,lrKBiVtXUWwwwe4tWJL0LeqDoIc=
-18,2,Xvn5qGy2BbMh5AM/S6ULLAQmAfg=,lrKBiVtXUWwwwe4tWJL0LeqDoIc=
-25,5,kwvV+1L7eJv8dWIG2s6pwEK7Ot0=,OtPwI+Counf4SPOAxG1rTMmwPpM=
-25,6,kwvV+1L7eJv8dWIG2s6pwEK7Ot0=,OtPwI+Counf4SPOAxG1rTMmwPpM=
-19,0,Xvn5qGy2BbMh5AM/S6ULLAQmAfg=,lrKBiVtXUWwwwe4tWJL0LeqDoIc=
-32,6,kwvV+1L7eJv8dWIG2s6pwEK7Ot0=,OtPwI+Counf4SPOAxG1rTMmwPpM=
-32,5,kwvV+1L7eJv8dWIG2s6pwEK7Ot0=,OtPwI+Counf4SPOAxG1rTMmwPpM=
-18,0,Xvn5qGy2BbMh5AM/S6ULLAQmAfg=,lrKBiVtXUWwwwe4tWJL0LeqDoIc=
-19,3,Xvn5qGy2BbMh5AM/S6ULLAQmAfg=,lrKBiVtXUWwwwe4tWJL0LeqDoIc=
-18,3,Xvn5qGy2BbMh5AM/S6ULLAQmAfg=,lrKBiVtXUWwwwe4tWJL0LeqDoIc=
-17,1,Xvn5qGy2BbMh5AM/S6ULLAQmAfg=,lrKBiVtXUWwwwe4tWJL0LeqDoIc=
-17,2,Xvn5qGy2BbMh5AM/S6ULLAQmAfg=,lrKBiVtXUWwwwe4tWJL0LeqDoIc=
-31,7,kwvV+1L7eJv8dWIG2s6pwEK7Ot0=,OtPwI+Counf4SPOAxG1rTMmwPpM=
-30,7,kwvV+1L7eJv8dWIG2s6pwEK7Ot0=,OtPwI+Counf4SPOAxG1rTMmwPpM=
-28,7,kwvV+1L7eJv8dWIG2s6pwEK7Ot0=,OtPwI+Counf4SPOAxG1rTMmwPpM=
-27,7,kwvV+1L7eJv8dWIG2s6pwEK7Ot0=,OtPwI+Counf4SPOAxG1rTMmwPpM=
-26,7,kwvV+1L7eJv8dWIG2s6pwEK7Ot0=,OtPwI+Counf4SPOAxG1rTMmwPpM=
-29,7,kwvV+1L7eJv8dWIG2s6pwEK7Ot0=,OtPwI+Counf4SPOAxG1rTMmwPpM=
-17,0,Xvn5qGy2BbMh5AM/S6ULLAQmAfg=,lrKBiVtXUWwwwe4tWJL0LeqDoIc=
-25,7,kwvV+1L7eJv8dWIG2s6pwEK7Ot0=,OtPwI+Counf4SPOAxG1rTMmwPpM=
-32,7,kwvV+1L7eJv8dWIG2s6pwEK7Ot0=,OtPwI+Counf4SPOAxG1rTMmwPpM=
-17,3,Xvn5qGy2BbMh5AM/S6ULLAQmAfg=,lrKBiVtXUWwwwe4tWJL0LeqDoIc=
-30,0,IdDmYqeG7tpozOcrpMNfIO70L+g=,UDu0YZWwwCTZxBy/xfXaKPj2z9k=
-32,1,IdDmYqeG7tpozOcrpMNfIO70L+g=,UDu0YZWwwCTZxBy/xfXaKPj2z9k=
-31,0,IdDmYqeG7tpozOcrpMNfIO70L+g=,UDu0YZWwwCTZxBy/xfXaKPj2z9k=
-32,0,IdDmYqeG7tpozOcrpMNfIO70L+g=,UDu0YZWwwCTZxBy/xfXaKPj2z9k=
-32,3,IdDmYqeG7tpozOcrpMNfIO70L+g=,UDu0YZWwwCTZxBy/xfXaKPj2z9k=
-31,4,IdDmYqeG7tpozOcrpMNfIO70L+g=,OtPwI+Counf4SPOAxG1rTMmwPpM=
-32,4,IdDmYqeG7tpozOcrpMNfIO70L+g=,OtPwI+Counf4SPOAxG1rTMmwPpM=
-31,1,IdDmYqeG7tpozOcrpMNfIO70L+g=,UDu0YZWwwCTZxBy/xfXaKPj2z9k=
-30,4,IdDmYqeG7tpozOcrpMNfIO70L+g=,OtPwI+Counf4SPOAxG1rTMmwPpM=
-31,3,IdDmYqeG7tpozOcrpMNfIO70L+g=,UDu0YZWwwCTZxBy/xfXaKPj2z9k=
-30,3,IdDmYqeG7tpozOcrpMNfIO70L+g=,UDu0YZWwwCTZxBy/xfXaKPj2z9k=
-32,2,IdDmYqeG7tpozOcrpMNfIO70L+g=,UDu0YZWwwCTZxBy/xfXaKPj2z9k=
-31,2,IdDmYqeG7tpozOcrpMNfIO70L+g=,UDu0YZWwwCTZxBy/xfXaKPj2z9k=
-30,1,IdDmYqeG7tpozOcrpMNfIO70L+g=,UDu0YZWwwCTZxBy/xfXaKPj2z9k=
-30,2,IdDmYqeG7tpozOcrpMNfIO70L+g=,UDu0YZWwwCTZxBy/xfXaKPj2z9k=
-20,1,Xvn5qGy2BbMh5AM/S6ULLAQmAfg=,lrKBiVtXUWwwwe4tWJL0LeqDoIc=
-20,2,Xvn5qGy2BbMh5AM/S6ULLAQmAfg=,lrKBiVtXUWwwwe4tWJL0LeqDoIc=
-20,3,Xvn5qGy2BbMh5AM/S6ULLAQmAfg=,lrKBiVtXUWwwwe4tWJL0LeqDoIc=
-22,0,IdDmYqeG7tpozOcrpMNfIO70L+g=,UDu0YZWwwCTZxBy/xfXaKPj2z9k=
-23,3,IdDmYqeG7tpozOcrpMNfIO70L+g=,UDu0YZWwwCTZxBy/xfXaKPj2z9k=
-22,3,IdDmYqeG7tpozOcrpMNfIO70L+g=,UDu0YZWwwCTZxBy/xfXaKPj2z9k=
-21,3,IdDmYqeG7tpozOcrpMNfIO70L+g=,UDu0YZWwwCTZxBy/xfXaKPj2z9k=
-21,2,IdDmYqeG7tpozOcrpMNfIO70L+g=,UDu0YZWwwCTZxBy/xfXaKPj2z9k=
-22,2,IdDmYqeG7tpozOcrpMNfIO70L+g=,UDu0YZWwwCTZxBy/xfXaKPj2z9k=
-21,0,IdDmYqeG7tpozOcrpMNfIO70L+g=,UDu0YZWwwCTZxBy/xfXaKPj2z9k=
-21,1,IdDmYqeG7tpozOcrpMNfIO70L+g=,UDu0YZWwwCTZxBy/xfXaKPj2z9k=
-23,2,IdDmYqeG7tpozOcrpMNfIO70L+g=,UDu0YZWwwCTZxBy/xfXaKPj2z9k=
-22,1,IdDmYqeG7tpozOcrpMNfIO70L+g=,UDu0YZWwwCTZxBy/xfXaKPj2z9k=
-23,1,IdDmYqeG7tpozOcrpMNfIO70L+g=,UDu0YZWwwCTZxBy/xfXaKPj2z9k=
-20,0,Xvn5qGy2BbMh5AM/S6ULLAQmAfg=,lrKBiVtXUWwwwe4tWJL0LeqDoIc=
-23,0,IdDmYqeG7tpozOcrpMNfIO70L+g=,UDu0YZWwwCTZxBy/xfXaKPj2z9k=
-29,0,IdDmYqeG7tpozOcrpMNfIO70L+g=,UDu0YZWwwCTZxBy/xfXaKPj2z9k=
-24,3,IdDmYqeG7tpozOcrpMNfIO70L+g=,UDu0YZWwwCTZxBy/xfXaKPj2z9k=
-24,0,IdDmYqeG7tpozOcrpMNfIO70L+g=,UDu0YZWwwCTZxBy/xfXaKPj2z9k=
-26,0,IdDmYqeG7tpozOcrpMNfIO70L+g=,UDu0YZWwwCTZxBy/xfXaKPj2z9k=
-26,4,IdDmYqeG7tpozOcrpMNfIO70L+g=,OtPwI+Counf4SPOAxG1rTMmwPpM=
-26,2,IdDmYqeG7tpozOcrpMNfIO70L+g=,UDu0YZWwwCTZxBy/xfXaKPj2z9k=
-26,3,IdDmYqeG7tpozOcrpMNfIO70L+g=,UDu0YZWwwCTZxBy/xfXaKPj2z9k=
-27,3,IdDmYqeG7tpozOcrpMNfIO70L+g=,UDu0YZWwwCTZxBy/xfXaKPj2z9k=
-27,4,IdDmYqeG7tpozOcrpMNfIO70L+g=,OtPwI+Counf4SPOAxG1rTMmwPpM=
-28,3,IdDmYqeG7tpozOcrpMNfIO70L+g=,UDu0YZWwwCTZxBy/xfXaKPj2z9k=
-29,2,IdDmYqeG7tpozOcrpMNfIO70L+g=,UDu0YZWwwCTZxBy/xfXaKPj2z9k=
-28,4,IdDmYqeG7tpozOcrpMNfIO70L+g=,OtPwI+Counf4SPOAxG1rTMmwPpM=
-25,2,IdDmYqeG7tpozOcrpMNfIO70L+g=,UDu0YZWwwCTZxBy/xfXaKPj2z9k=
-29,3,IdDmYqeG7tpozOcrpMNfIO70L+g=,UDu0YZWwwCTZxBy/xfXaKPj2z9k=
-28,0,IdDmYqeG7tpozOcrpMNfIO70L+g=,UDu0YZWwwCTZxBy/xfXaKPj2z9k=
-25,4,IdDmYqeG7tpozOcrpMNfIO70L+g=,OtPwI+Counf4SPOAxG1rTMmwPpM=
-27,0,IdDmYqeG7tpozOcrpMNfIO70L+g=,UDu0YZWwwCTZxBy/xfXaKPj2z9k=
-24,2,IdDmYqeG7tpozOcrpMNfIO70L+g=,UDu0YZWwwCTZxBy/xfXaKPj2z9k=
-27,2,IdDmYqeG7tpozOcrpMNfIO70L+g=,UDu0YZWwwCTZxBy/xfXaKPj2z9k=
-25,1,IdDmYqeG7tpozOcrpMNfIO70L+g=,UDu0YZWwwCTZxBy/xfXaKPj2z9k=
-29,4,IdDmYqeG7tpozOcrpMNfIO70L+g=,OtPwI+Counf4SPOAxG1rTMmwPpM=
-28,2,IdDmYqeG7tpozOcrpMNfIO70L+g=,UDu0YZWwwCTZxBy/xfXaKPj2z9k=
-25,0,IdDmYqeG7tpozOcrpMNfIO70L+g=,UDu0YZWwwCTZxBy/xfXaKPj2z9k=
-29,1,IdDmYqeG7tpozOcrpMNfIO70L+g=,UDu0YZWwwCTZxBy/xfXaKPj2z9k=
-25,3,IdDmYqeG7tpozOcrpMNfIO70L+g=,UDu0YZWwwCTZxBy/xfXaKPj2z9k=
-28,1,IdDmYqeG7tpozOcrpMNfIO70L+g=,UDu0YZWwwCTZxBy/xfXaKPj2z9k=
-26,1,IdDmYqeG7tpozOcrpMNfIO70L+g=,UDu0YZWwwCTZxBy/xfXaKPj2z9k=
-27,1,IdDmYqeG7tpozOcrpMNfIO70L+g=,UDu0YZWwwCTZxBy/xfXaKPj2z9k=
-24,1,IdDmYqeG7tpozOcrpMNfIO70L+g=,UDu0YZWwwCTZxBy/xfXaKPj2z9k=
-7,6,m6R9rGDohLx+xRWEiG48x46usQo=,BacEIbZ9/kGA6wHbmT8lfrHIaFg=
-8,6,xAFY/aS427s4yH/ac+VhVqyo2dM=,BacEIbZ9/kGA6wHbmT8lfrHIaFg=
-6,6,m6R9rGDohLx+xRWEiG48x46usQo=,BacEIbZ9/kGA6wHbmT8lfrHIaFg=
-8,5,xAFY/aS427s4yH/ac+VhVqyo2dM=,BacEIbZ9/kGA6wHbmT8lfrHIaFg=
-7,5,m6R9rGDohLx+xRWEiG48x46usQo=,BacEIbZ9/kGA6wHbmT8lfrHIaFg=
-6,5,m6R9rGDohLx+xRWEiG48x46usQo=,BacEIbZ9/kGA6wHbmT8lfrHIaFg=
-2,6,m6R9rGDohLx+xRWEiG48x46usQo=,H33k7Az3dWCMUrz9M8kQCngeOPY=
-5,6,m6R9rGDohLx+xRWEiG48x46usQo=,BacEIbZ9/kGA6wHbmT8lfrHIaFg=
-4,6,m6R9rGDohLx+xRWEiG48x46usQo=,H33k7Az3dWCMUrz9M8kQCngeOPY=
-5,5,m6R9rGDohLx+xRWEiG48x46usQo=,BacEIbZ9/kGA6wHbmT8lfrHIaFg=
-3,6,m6R9rGDohLx+xRWEiG48x46usQo=,H33k7Az3dWCMUrz9M8kQCngeOPY=
-4,5,m6R9rGDohLx+xRWEiG48x46usQo=,H33k7Az3dWCMUrz9M8kQCngeOPY=
-2,5,m6R9rGDohLx+xRWEiG48x46usQo=,H33k7Az3dWCMUrz9M8kQCngeOPY=
-3,5,m6R9rGDohLx+xRWEiG48x46usQo=,H33k7Az3dWCMUrz9M8kQCngeOPY=
-11,1,7c21hqVRpIq49+k3cOue7h5Aj8g=,9OcuHdlyTEGASkg50RxSfuhDPqs=
-10,1,7c21hqVRpIq49+k3cOue7h5Aj8g=,9OcuHdlyTEGASkg50RxSfuhDPqs=
-10,3,7c21hqVRpIq49+k3cOue7h5Aj8g=,9OcuHdlyTEGASkg50RxSfuhDPqs=
-10,2,7c21hqVRpIq49+k3cOue7h5Aj8g=,9OcuHdlyTEGASkg50RxSfuhDPqs=
-11,3,7c21hqVRpIq49+k3cOue7h5Aj8g=,9OcuHdlyTEGASkg50RxSfuhDPqs=
-11,2,7c21hqVRpIq49+k3cOue7h5Aj8g=,9OcuHdlyTEGASkg50RxSfuhDPqs=
-10,0,iig1UiLlYAAJmFb1mVDTmlFYdYE=,9OcuHdlyTEGASkg50RxSfuhDPqs=
-11,0,iig1UiLlYAAJmFb1mVDTmlFYdYE=,9OcuHdlyTEGASkg50RxSfuhDPqs=
-12,3,7c21hqVRpIq49+k3cOue7h5Aj8g=,9OcuHdlyTEGASkg50RxSfuhDPqs=
-13,3,7c21hqVRpIq49+k3cOue7h5Aj8g=,IeJ7xQZBurK+EbgK5mxGqs71Y8U=
-14,0,iig1UiLlYAAJmFb1mVDTmlFYdYE=,IeJ7xQZBurK+EbgK5mxGqs71Y8U=
-13,0,iig1UiLlYAAJmFb1mVDTmlFYdYE=,IeJ7xQZBurK+EbgK5mxGqs71Y8U=
-12,1,7c21hqVRpIq49+k3cOue7h5Aj8g=,9OcuHdlyTEGASkg50RxSfuhDPqs=
-15,1,7c21hqVRpIq49+k3cOue7h5Aj8g=,IeJ7xQZBurK+EbgK5mxGqs71Y8U=
-14,2,7c21hqVRpIq49+k3cOue7h5Aj8g=,IeJ7xQZBurK+EbgK5mxGqs71Y8U=
-13,2,7c21hqVRpIq49+k3cOue7h5Aj8g=,IeJ7xQZBurK+EbgK5mxGqs71Y8U=
-15,3,7c21hqVRpIq49+k3cOue7h5Aj8g=,IeJ7xQZBurK+EbgK5mxGqs71Y8U=
-14,1,7c21hqVRpIq49+k3cOue7h5Aj8g=,IeJ7xQZBurK+EbgK5mxGqs71Y8U=
-13,1,7c21hqVRpIq49+k3cOue7h5Aj8g=,IeJ7xQZBurK+EbgK5mxGqs71Y8U=
-12,2,7c21hqVRpIq49+k3cOue7h5Aj8g=,9OcuHdlyTEGASkg50RxSfuhDPqs=
-14,3,7c21hqVRpIq49+k3cOue7h5Aj8g=,IeJ7xQZBurK+EbgK5mxGqs71Y8U=
-15,2,7c21hqVRpIq49+k3cOue7h5Aj8g=,IeJ7xQZBurK+EbgK5mxGqs71Y8U=
-15,0,iig1UiLlYAAJmFb1mVDTmlFYdYE=,IeJ7xQZBurK+EbgK5mxGqs71Y8U=
-12,0,iig1UiLlYAAJmFb1mVDTmlFYdYE=,9OcuHdlyTEGASkg50RxSfuhDPqs=
-3,7,+E5oViB1D6EO9M6zxKZMBbjGX4o=,H33k7Az3dWCMUrz9M8kQCngeOPY=
-2,7,+E5oViB1D6EO9M6zxKZMBbjGX4o=,H33k7Az3dWCMUrz9M8kQCngeOPY=
-1,6,iig1UiLlYAAJmFb1mVDTmlFYdYE=,H33k7Az3dWCMUrz9M8kQCngeOPY=
-4,7,+E5oViB1D6EO9M6zxKZMBbjGX4o=,H33k7Az3dWCMUrz9M8kQCngeOPY=
-7,7,+E5oViB1D6EO9M6zxKZMBbjGX4o=,BacEIbZ9/kGA6wHbmT8lfrHIaFg=
-6,7,+E5oViB1D6EO9M6zxKZMBbjGX4o=,BacEIbZ9/kGA6wHbmT8lfrHIaFg=
-8,7,+E5oViB1D6EO9M6zxKZMBbjGX4o=,BacEIbZ9/kGA6wHbmT8lfrHIaFg=
-1,7,iig1UiLlYAAJmFb1mVDTmlFYdYE=,H33k7Az3dWCMUrz9M8kQCngeOPY=
-16,1,iig1UiLlYAAJmFb1mVDTmlFYdYE=,IeJ7xQZBurK+EbgK5mxGqs71Y8U=
-5,7,+E5oViB1D6EO9M6zxKZMBbjGX4o=,BacEIbZ9/kGA6wHbmT8lfrHIaFg=
-16,3,iig1UiLlYAAJmFb1mVDTmlFYdYE=,IeJ7xQZBurK+EbgK5mxGqs71Y8U=
-16,2,iig1UiLlYAAJmFb1mVDTmlFYdYE=,IeJ7xQZBurK+EbgK5mxGqs71Y8U=
-1,5,iig1UiLlYAAJmFb1mVDTmlFYdYE=,H33k7Az3dWCMUrz9M8kQCngeOPY=
-16,0,iig1UiLlYAAJmFb1mVDTmlFYdYE=,IeJ7xQZBurK+EbgK5mxGqs71Y8U=
-9,2,7c21hqVRpIq49+k3cOue7h5Aj8g=,9OcuHdlyTEGASkg50RxSfuhDPqs=
-6,1,m6R9rGDohLx+xRWEiG48x46usQo=,oox7FUjJM3SAlOYB3nSsKHJtNXI=
-8,3,7c21hqVRpIq49+k3cOue7h5Aj8g=,oox7FUjJM3SAlOYB3nSsKHJtNXI=
-6,2,m6R9rGDohLx+xRWEiG48x46usQo=,oox7FUjJM3SAlOYB3nSsKHJtNXI=
-6,0,iig1UiLlYAAJmFb1mVDTmlFYdYE=,oox7FUjJM3SAlOYB3nSsKHJtNXI=
-9,3,7c21hqVRpIq49+k3cOue7h5Aj8g=,9OcuHdlyTEGASkg50RxSfuhDPqs=
-8,2,7c21hqVRpIq49+k3cOue7h5Aj8g=,oox7FUjJM3SAlOYB3nSsKHJtNXI=
-9,1,7c21hqVRpIq49+k3cOue7h5Aj8g=,9OcuHdlyTEGASkg50RxSfuhDPqs=
-7,0,iig1UiLlYAAJmFb1mVDTmlFYdYE=,oox7FUjJM3SAlOYB3nSsKHJtNXI=
-7,1,m6R9rGDohLx+xRWEiG48x46usQo=,oox7FUjJM3SAlOYB3nSsKHJtNXI=
-7,4,m6R9rGDohLx+xRWEiG48x46usQo=,BacEIbZ9/kGA6wHbmT8lfrHIaFg=
-9,0,iig1UiLlYAAJmFb1mVDTmlFYdYE=,9OcuHdlyTEGASkg50RxSfuhDPqs=
-7,3,m6R9rGDohLx+xRWEiG48x46usQo=,oox7FUjJM3SAlOYB3nSsKHJtNXI=
-8,4,7c21hqVRpIq49+k3cOue7h5Aj8g=,BacEIbZ9/kGA6wHbmT8lfrHIaFg=
-7,2,m6R9rGDohLx+xRWEiG48x46usQo=,oox7FUjJM3SAlOYB3nSsKHJtNXI=
-2,4,m6R9rGDohLx+xRWEiG48x46usQo=,H33k7Az3dWCMUrz9M8kQCngeOPY=
-6,4,m6R9rGDohLx+xRWEiG48x46usQo=,BacEIbZ9/kGA6wHbmT8lfrHIaFg=
-8,1,7c21hqVRpIq49+k3cOue7h5Aj8g=,oox7FUjJM3SAlOYB3nSsKHJtNXI=
-2,3,m6R9rGDohLx+xRWEiG48x46usQo=,fEFJB6op11yTNt981VuwORLl1nQ=
-3,3,m6R9rGDohLx+xRWEiG48x46usQo=,fEFJB6op11yTNt981VuwORLl1nQ=
-1,3,iig1UiLlYAAJmFb1mVDTmlFYdYE=,fEFJB6op11yTNt981VuwORLl1nQ=
-3,4,m6R9rGDohLx+xRWEiG48x46usQo=,H33k7Az3dWCMUrz9M8kQCngeOPY=
-1,2,iig1UiLlYAAJmFb1mVDTmlFYdYE=,fEFJB6op11yTNt981VuwORLl1nQ=
-8,0,iig1UiLlYAAJmFb1mVDTmlFYdYE=,oox7FUjJM3SAlOYB3nSsKHJtNXI=
-4,3,m6R9rGDohLx+xRWEiG48x46usQo=,fEFJB6op11yTNt981VuwORLl1nQ=
-4,4,m6R9rGDohLx+xRWEiG48x46usQo=,H33k7Az3dWCMUrz9M8kQCngeOPY=
-6,3,m6R9rGDohLx+xRWEiG48x46usQo=,oox7FUjJM3SAlOYB3nSsKHJtNXI=
-3,0,iig1UiLlYAAJmFb1mVDTmlFYdYE=,fEFJB6op11yTNt981VuwORLl1nQ=
-5,4,m6R9rGDohLx+xRWEiG48x46usQo=,BacEIbZ9/kGA6wHbmT8lfrHIaFg=
-5,0,iig1UiLlYAAJmFb1mVDTmlFYdYE=,oox7FUjJM3SAlOYB3nSsKHJtNXI=
-5,2,m6R9rGDohLx+xRWEiG48x46usQo=,oox7FUjJM3SAlOYB3nSsKHJtNXI=
-2,2,m6R9rGDohLx+xRWEiG48x46usQo=,fEFJB6op11yTNt981VuwORLl1nQ=
-1,4,iig1UiLlYAAJmFb1mVDTmlFYdYE=,H33k7Az3dWCMUrz9M8kQCngeOPY=
-2,1,m6R9rGDohLx+xRWEiG48x46usQo=,fEFJB6op11yTNt981VuwORLl1nQ=
-4,1,m6R9rGDohLx+xRWEiG48x46usQo=,fEFJB6op11yTNt981VuwORLl1nQ=
-5,1,m6R9rGDohLx+xRWEiG48x46usQo=,oox7FUjJM3SAlOYB3nSsKHJtNXI=
-4,2,m6R9rGDohLx+xRWEiG48x46usQo=,fEFJB6op11yTNt981VuwORLl1nQ=
-3,2,m6R9rGDohLx+xRWEiG48x46usQo=,fEFJB6op11yTNt981VuwORLl1nQ=
-1,0,iig1UiLlYAAJmFb1mVDTmlFYdYE=,fEFJB6op11yTNt981VuwORLl1nQ=
-1,1,iig1UiLlYAAJmFb1mVDTmlFYdYE=,fEFJB6op11yTNt981VuwORLl1nQ=
-3,1,m6R9rGDohLx+xRWEiG48x46usQo=,fEFJB6op11yTNt981VuwORLl1nQ=
-4,0,iig1UiLlYAAJmFb1mVDTmlFYdYE=,fEFJB6op11yTNt981VuwORLl1nQ=
-5,3,m6R9rGDohLx+xRWEiG48x46usQo=,oox7FUjJM3SAlOYB3nSsKHJtNXI=
-2,0,iig1UiLlYAAJmFb1mVDTmlFYdYE=,fEFJB6op11yTNt981VuwORLl1nQ=
-2,22,3jf9yW550q0aQRwOQvcepq3p5jM=,wMezIlb48q8jEJwV2/9LQrBtpVg=
-6,22,3jf9yW550q0aQRwOQvcepq3p5jM=,cxZxoNmVDkowVvC3a8pKTcvQkr0=
-5,22,3jf9yW550q0aQRwOQvcepq3p5jM=,cxZxoNmVDkowVvC3a8pKTcvQkr0=
-7,21,3jf9yW550q0aQRwOQvcepq3p5jM=,cxZxoNmVDkowVvC3a8pKTcvQkr0=
-6,21,3jf9yW550q0aQRwOQvcepq3p5jM=,cxZxoNmVDkowVvC3a8pKTcvQkr0=
-4,21,3jf9yW550q0aQRwOQvcepq3p5jM=,wMezIlb48q8jEJwV2/9LQrBtpVg=
-5,21,3jf9yW550q0aQRwOQvcepq3p5jM=,cxZxoNmVDkowVvC3a8pKTcvQkr0=
-4,22,3jf9yW550q0aQRwOQvcepq3p5jM=,wMezIlb48q8jEJwV2/9LQrBtpVg=
-7,22,3jf9yW550q0aQRwOQvcepq3p5jM=,cxZxoNmVDkowVvC3a8pKTcvQkr0=
-3,22,3jf9yW550q0aQRwOQvcepq3p5jM=,wMezIlb48q8jEJwV2/9LQrBtpVg=
-3,21,3jf9yW550q0aQRwOQvcepq3p5jM=,wMezIlb48q8jEJwV2/9LQrBtpVg=
-2,21,3jf9yW550q0aQRwOQvcepq3p5jM=,wMezIlb48q8jEJwV2/9LQrBtpVg=
-10,21,3jf9yW550q0aQRwOQvcepq3p5jM=,vs4vnqee5f6vTdhvbizRbKqjwI8=
-9,21,3jf9yW550q0aQRwOQvcepq3p5jM=,vs4vnqee5f6vTdhvbizRbKqjwI8=
-10,22,3jf9yW550q0aQRwOQvcepq3p5jM=,vs4vnqee5f6vTdhvbizRbKqjwI8=
-9,22,3jf9yW550q0aQRwOQvcepq3p5jM=,vs4vnqee5f6vTdhvbizRbKqjwI8=
-8,21,3jf9yW550q0aQRwOQvcepq3p5jM=,cxZxoNmVDkowVvC3a8pKTcvQkr0=
-11,21,3jf9yW550q0aQRwOQvcepq3p5jM=,vs4vnqee5f6vTdhvbizRbKqjwI8=
-11,22,3jf9yW550q0aQRwOQvcepq3p5jM=,vs4vnqee5f6vTdhvbizRbKqjwI8=
-8,22,3jf9yW550q0aQRwOQvcepq3p5jM=,cxZxoNmVDkowVvC3a8pKTcvQkr0=
-2,18,FPFUg1FZyYqALxDfaEfvrUj/I5k=,unuLkJRgvDVi0N1+haRURVaede8=
-3,17,FPFUg1FZyYqALxDfaEfvrUj/I5k=,unuLkJRgvDVi0N1+haRURVaede8=
-7,17,FPFUg1FZyYqALxDfaEfvrUj/I5k=,uXsi9GCWZdznh3jCt6sursQnAqY=
-6,17,FPFUg1FZyYqALxDfaEfvrUj/I5k=,uXsi9GCWZdznh3jCt6sursQnAqY=
-5,17,FPFUg1FZyYqALxDfaEfvrUj/I5k=,uXsi9GCWZdznh3jCt6sursQnAqY=
-2,17,CNuLlwbMBfP6Apu+2ei5kviitTE=,unuLkJRgvDVi0N1+haRURVaede8=
-3,20,CNuLlwbMBfP6Apu+2ei5kviitTE=,wMezIlb48q8jEJwV2/9LQrBtpVg=
-4,17,CNuLlwbMBfP6Apu+2ei5kviitTE=,unuLkJRgvDVi0N1+haRURVaede8=
-3,19,CNuLlwbMBfP6Apu+2ei5kviitTE=,unuLkJRgvDVi0N1+haRURVaede8=
-7,18,CNuLlwbMBfP6Apu+2ei5kviitTE=,uXsi9GCWZdznh3jCt6sursQnAqY=
-2,19,CNuLlwbMBfP6Apu+2ei5kviitTE=,unuLkJRgvDVi0N1+haRURVaede8=
-6,20,CNuLlwbMBfP6Apu+2ei5kviitTE=,cxZxoNmVDkowVvC3a8pKTcvQkr0=
-2,20,CNuLlwbMBfP6Apu+2ei5kviitTE=,wMezIlb48q8jEJwV2/9LQrBtpVg=
-6,18,CNuLlwbMBfP6Apu+2ei5kviitTE=,uXsi9GCWZdznh3jCt6sursQnAqY=
-5,20,CNuLlwbMBfP6Apu+2ei5kviitTE=,cxZxoNmVDkowVvC3a8pKTcvQkr0=
-5,18,CNuLlwbMBfP6Apu+2ei5kviitTE=,uXsi9GCWZdznh3jCt6sursQnAqY=
-3,18,CNuLlwbMBfP6Apu+2ei5kviitTE=,unuLkJRgvDVi0N1+haRURVaede8=
-7,19,CNuLlwbMBfP6Apu+2ei5kviitTE=,uXsi9GCWZdznh3jCt6sursQnAqY=
-6,19,CNuLlwbMBfP6Apu+2ei5kviitTE=,uXsi9GCWZdznh3jCt6sursQnAqY=
-4,20,CNuLlwbMBfP6Apu+2ei5kviitTE=,wMezIlb48q8jEJwV2/9LQrBtpVg=
-4,19,CNuLlwbMBfP6Apu+2ei5kviitTE=,unuLkJRgvDVi0N1+haRURVaede8=
-4,18,CNuLlwbMBfP6Apu+2ei5kviitTE=,unuLkJRgvDVi0N1+haRURVaede8=
-5,19,CNuLlwbMBfP6Apu+2ei5kviitTE=,uXsi9GCWZdznh3jCt6sursQnAqY=
-7,20,CNuLlwbMBfP6Apu+2ei5kviitTE=,cxZxoNmVDkowVvC3a8pKTcvQkr0=
-6,16,CNuLlwbMBfP6Apu+2ei5kviitTE=,uXsi9GCWZdznh3jCt6sursQnAqY=
-7,16,CNuLlwbMBfP6Apu+2ei5kviitTE=,uXsi9GCWZdznh3jCt6sursQnAqY=
-5,16,CNuLlwbMBfP6Apu+2ei5kviitTE=,uXsi9GCWZdznh3jCt6sursQnAqY=
-2,16,CNuLlwbMBfP6Apu+2ei5kviitTE=,unuLkJRgvDVi0N1+haRURVaede8=
-4,16,CNuLlwbMBfP6Apu+2ei5kviitTE=,unuLkJRgvDVi0N1+haRURVaede8=
-3,16,CNuLlwbMBfP6Apu+2ei5kviitTE=,unuLkJRgvDVi0N1+haRURVaede8=
-11,23,CNuLlwbMBfP6Apu+2ei5kviitTE=,vs4vnqee5f6vTdhvbizRbKqjwI8=
-10,23,CNuLlwbMBfP6Apu+2ei5kviitTE=,vs4vnqee5f6vTdhvbizRbKqjwI8=
-1,17,CNuLlwbMBfP6Apu+2ei5kviitTE=,unuLkJRgvDVi0N1+haRURVaede8=
-1,18,CNuLlwbMBfP6Apu+2ei5kviitTE=,unuLkJRgvDVi0N1+haRURVaede8=
-1,22,CNuLlwbMBfP6Apu+2ei5kviitTE=,wMezIlb48q8jEJwV2/9LQrBtpVg=
-1,20,CNuLlwbMBfP6Apu+2ei5kviitTE=,wMezIlb48q8jEJwV2/9LQrBtpVg=
-1,21,CNuLlwbMBfP6Apu+2ei5kviitTE=,wMezIlb48q8jEJwV2/9LQrBtpVg=
-3,23,CNuLlwbMBfP6Apu+2ei5kviitTE=,wMezIlb48q8jEJwV2/9LQrBtpVg=
-1,19,CNuLlwbMBfP6Apu+2ei5kviitTE=,unuLkJRgvDVi0N1+haRURVaede8=
-2,23,CNuLlwbMBfP6Apu+2ei5kviitTE=,wMezIlb48q8jEJwV2/9LQrBtpVg=
-12,22,CNuLlwbMBfP6Apu+2ei5kviitTE=,vs4vnqee5f6vTdhvbizRbKqjwI8=
-14,21,CNuLlwbMBfP6Apu+2ei5kviitTE=,YU9nDzfrSrKq8TAc5BDTcmyWZwQ=
-12,21,CNuLlwbMBfP6Apu+2ei5kviitTE=,vs4vnqee5f6vTdhvbizRbKqjwI8=
-14,22,CNuLlwbMBfP6Apu+2ei5kviitTE=,YU9nDzfrSrKq8TAc5BDTcmyWZwQ=
-13,22,CNuLlwbMBfP6Apu+2ei5kviitTE=,YU9nDzfrSrKq8TAc5BDTcmyWZwQ=
-12,23,CNuLlwbMBfP6Apu+2ei5kviitTE=,vs4vnqee5f6vTdhvbizRbKqjwI8=
-16,23,CNuLlwbMBfP6Apu+2ei5kviitTE=,YU9nDzfrSrKq8TAc5BDTcmyWZwQ=
-16,21,CNuLlwbMBfP6Apu+2ei5kviitTE=,YU9nDzfrSrKq8TAc5BDTcmyWZwQ=
-13,21,CNuLlwbMBfP6Apu+2ei5kviitTE=,YU9nDzfrSrKq8TAc5BDTcmyWZwQ=
-15,21,CNuLlwbMBfP6Apu+2ei5kviitTE=,YU9nDzfrSrKq8TAc5BDTcmyWZwQ=
-14,23,CNuLlwbMBfP6Apu+2ei5kviitTE=,YU9nDzfrSrKq8TAc5BDTcmyWZwQ=
-13,23,CNuLlwbMBfP6Apu+2ei5kviitTE=,YU9nDzfrSrKq8TAc5BDTcmyWZwQ=
-15,23,CNuLlwbMBfP6Apu+2ei5kviitTE=,YU9nDzfrSrKq8TAc5BDTcmyWZwQ=
-16,22,CNuLlwbMBfP6Apu+2ei5kviitTE=,YU9nDzfrSrKq8TAc5BDTcmyWZwQ=
-15,22,CNuLlwbMBfP6Apu+2ei5kviitTE=,YU9nDzfrSrKq8TAc5BDTcmyWZwQ=
-1,23,CNuLlwbMBfP6Apu+2ei5kviitTE=,wMezIlb48q8jEJwV2/9LQrBtpVg=
-1,16,CNuLlwbMBfP6Apu+2ei5kviitTE=,unuLkJRgvDVi0N1+haRURVaede8=
-8,23,CNuLlwbMBfP6Apu+2ei5kviitTE=,cxZxoNmVDkowVvC3a8pKTcvQkr0=
-7,23,CNuLlwbMBfP6Apu+2ei5kviitTE=,cxZxoNmVDkowVvC3a8pKTcvQkr0=
-6,23,CNuLlwbMBfP6Apu+2ei5kviitTE=,cxZxoNmVDkowVvC3a8pKTcvQkr0=
-4,23,CNuLlwbMBfP6Apu+2ei5kviitTE=,wMezIlb48q8jEJwV2/9LQrBtpVg=
-5,23,CNuLlwbMBfP6Apu+2ei5kviitTE=,cxZxoNmVDkowVvC3a8pKTcvQkr0=
-9,23,CNuLlwbMBfP6Apu+2ei5kviitTE=,vs4vnqee5f6vTdhvbizRbKqjwI8=
-8,20,CNuLlwbMBfP6Apu+2ei5kviitTE=,cxZxoNmVDkowVvC3a8pKTcvQkr0=
-8,17,CNuLlwbMBfP6Apu+2ei5kviitTE=,uXsi9GCWZdznh3jCt6sursQnAqY=
-8,16,CNuLlwbMBfP6Apu+2ei5kviitTE=,uXsi9GCWZdznh3jCt6sursQnAqY=
-8,18,CNuLlwbMBfP6Apu+2ei5kviitTE=,uXsi9GCWZdznh3jCt6sursQnAqY=
-11,18,CNuLlwbMBfP6Apu+2ei5kviitTE=,vs4vnqee5f6vTdhvbizRbKqjwI8=
-10,18,CNuLlwbMBfP6Apu+2ei5kviitTE=,vs4vnqee5f6vTdhvbizRbKqjwI8=
-9,20,CNuLlwbMBfP6Apu+2ei5kviitTE=,vs4vnqee5f6vTdhvbizRbKqjwI8=
-9,17,CNuLlwbMBfP6Apu+2ei5kviitTE=,vs4vnqee5f6vTdhvbizRbKqjwI8=
-9,18,CNuLlwbMBfP6Apu+2ei5kviitTE=,vs4vnqee5f6vTdhvbizRbKqjwI8=
-10,17,CNuLlwbMBfP6Apu+2ei5kviitTE=,vs4vnqee5f6vTdhvbizRbKqjwI8=
-8,19,CNuLlwbMBfP6Apu+2ei5kviitTE=,uXsi9GCWZdznh3jCt6sursQnAqY=
-11,20,CNuLlwbMBfP6Apu+2ei5kviitTE=,vs4vnqee5f6vTdhvbizRbKqjwI8=
-11,17,CNuLlwbMBfP6Apu+2ei5kviitTE=,vs4vnqee5f6vTdhvbizRbKqjwI8=
-11,19,CNuLlwbMBfP6Apu+2ei5kviitTE=,vs4vnqee5f6vTdhvbizRbKqjwI8=
-9,19,CNuLlwbMBfP6Apu+2ei5kviitTE=,vs4vnqee5f6vTdhvbizRbKqjwI8=
-10,19,CNuLlwbMBfP6Apu+2ei5kviitTE=,vs4vnqee5f6vTdhvbizRbKqjwI8=
-9,16,CNuLlwbMBfP6Apu+2ei5kviitTE=,vs4vnqee5f6vTdhvbizRbKqjwI8=
-10,20,CNuLlwbMBfP6Apu+2ei5kviitTE=,vs4vnqee5f6vTdhvbizRbKqjwI8=
-11,16,CNuLlwbMBfP6Apu+2ei5kviitTE=,vs4vnqee5f6vTdhvbizRbKqjwI8=
-10,16,CNuLlwbMBfP6Apu+2ei5kviitTE=,vs4vnqee5f6vTdhvbizRbKqjwI8=
-13,20,CNuLlwbMBfP6Apu+2ei5kviitTE=,YU9nDzfrSrKq8TAc5BDTcmyWZwQ=
-12,18,CNuLlwbMBfP6Apu+2ei5kviitTE=,vs4vnqee5f6vTdhvbizRbKqjwI8=
-15,16,CNuLlwbMBfP6Apu+2ei5kviitTE=,Qu9qfeJNiqZQHgWwtM9QGtkv9Vo=
-15,19,CNuLlwbMBfP6Apu+2ei5kviitTE=,Qu9qfeJNiqZQHgWwtM9QGtkv9Vo=
-15,18,CNuLlwbMBfP6Apu+2ei5kviitTE=,Qu9qfeJNiqZQHgWwtM9QGtkv9Vo=
-14,16,CNuLlwbMBfP6Apu+2ei5kviitTE=,Qu9qfeJNiqZQHgWwtM9QGtkv9Vo=
-16,19,CNuLlwbMBfP6Apu+2ei5kviitTE=,Qu9qfeJNiqZQHgWwtM9QGtkv9Vo=
-14,17,CNuLlwbMBfP6Apu+2ei5kviitTE=,Qu9qfeJNiqZQHgWwtM9QGtkv9Vo=
-16,18,CNuLlwbMBfP6Apu+2ei5kviitTE=,Qu9qfeJNiqZQHgWwtM9QGtkv9Vo=
-14,20,CNuLlwbMBfP6Apu+2ei5kviitTE=,YU9nDzfrSrKq8TAc5BDTcmyWZwQ=
-12,20,CNuLlwbMBfP6Apu+2ei5kviitTE=,vs4vnqee5f6vTdhvbizRbKqjwI8=
-12,17,CNuLlwbMBfP6Apu+2ei5kviitTE=,vs4vnqee5f6vTdhvbizRbKqjwI8=
-13,16,CNuLlwbMBfP6Apu+2ei5kviitTE=,Qu9qfeJNiqZQHgWwtM9QGtkv9Vo=
-12,16,CNuLlwbMBfP6Apu+2ei5kviitTE=,vs4vnqee5f6vTdhvbizRbKqjwI8=
-15,20,CNuLlwbMBfP6Apu+2ei5kviitTE=,YU9nDzfrSrKq8TAc5BDTcmyWZwQ=
-14,18,CNuLlwbMBfP6Apu+2ei5kviitTE=,Qu9qfeJNiqZQHgWwtM9QGtkv9Vo=
-16,16,CNuLlwbMBfP6Apu+2ei5kviitTE=,Qu9qfeJNiqZQHgWwtM9QGtkv9Vo=
-16,17,CNuLlwbMBfP6Apu+2ei5kviitTE=,Qu9qfeJNiqZQHgWwtM9QGtkv9Vo=
-16,20,CNuLlwbMBfP6Apu+2ei5kviitTE=,YU9nDzfrSrKq8TAc5BDTcmyWZwQ=
-13,17,CNuLlwbMBfP6Apu+2ei5kviitTE=,Qu9qfeJNiqZQHgWwtM9QGtkv9Vo=
-13,18,CNuLlwbMBfP6Apu+2ei5kviitTE=,Qu9qfeJNiqZQHgWwtM9QGtkv9Vo=
-13,19,CNuLlwbMBfP6Apu+2ei5kviitTE=,Qu9qfeJNiqZQHgWwtM9QGtkv9Vo=
-14,19,CNuLlwbMBfP6Apu+2ei5kviitTE=,Qu9qfeJNiqZQHgWwtM9QGtkv9Vo=
-12,19,CNuLlwbMBfP6Apu+2ei5kviitTE=,vs4vnqee5f6vTdhvbizRbKqjwI8=
-15,17,CNuLlwbMBfP6Apu+2ei5kviitTE=,Qu9qfeJNiqZQHgWwtM9QGtkv9Vo=
-11,9,+E5oViB1D6EO9M6zxKZMBbjGX4o=,Zffif1swbPj7TzvHhLIM0/w4Q9s=
-7,9,+E5oViB1D6EO9M6zxKZMBbjGX4o=,sBxqp44PneXH360CIzqpD/C37xU=
-10,9,+E5oViB1D6EO9M6zxKZMBbjGX4o=,Zffif1swbPj7TzvHhLIM0/w4Q9s=
-6,9,+E5oViB1D6EO9M6zxKZMBbjGX4o=,sBxqp44PneXH360CIzqpD/C37xU=
-8,9,+E5oViB1D6EO9M6zxKZMBbjGX4o=,sBxqp44PneXH360CIzqpD/C37xU=
-7,10,+E5oViB1D6EO9M6zxKZMBbjGX4o=,sBxqp44PneXH360CIzqpD/C37xU=
-9,9,+E5oViB1D6EO9M6zxKZMBbjGX4o=,Zffif1swbPj7TzvHhLIM0/w4Q9s=
-8,10,+E5oViB1D6EO9M6zxKZMBbjGX4o=,sBxqp44PneXH360CIzqpD/C37xU=
-6,10,+E5oViB1D6EO9M6zxKZMBbjGX4o=,sBxqp44PneXH360CIzqpD/C37xU=
-5,9,+E5oViB1D6EO9M6zxKZMBbjGX4o=,sBxqp44PneXH360CIzqpD/C37xU=
-11,10,+E5oViB1D6EO9M6zxKZMBbjGX4o=,Zffif1swbPj7TzvHhLIM0/w4Q9s=
-7,8,+E5oViB1D6EO9M6zxKZMBbjGX4o=,sBxqp44PneXH360CIzqpD/C37xU=
-4,9,+E5oViB1D6EO9M6zxKZMBbjGX4o=,BstbRYhWX3mpLsbPqJiyPUlQR+g=
-10,10,+E5oViB1D6EO9M6zxKZMBbjGX4o=,Zffif1swbPj7TzvHhLIM0/w4Q9s=
-6,8,+E5oViB1D6EO9M6zxKZMBbjGX4o=,sBxqp44PneXH360CIzqpD/C37xU=
-9,10,+E5oViB1D6EO9M6zxKZMBbjGX4o=,Zffif1swbPj7TzvHhLIM0/w4Q9s=
-3,9,+E5oViB1D6EO9M6zxKZMBbjGX4o=,BstbRYhWX3mpLsbPqJiyPUlQR+g=
-11,5,+E5oViB1D6EO9M6zxKZMBbjGX4o=,/fe98rTQps43GzGLjn28U+CoIM8=
-2,9,+E5oViB1D6EO9M6zxKZMBbjGX4o=,BstbRYhWX3mpLsbPqJiyPUlQR+g=
-4,10,+E5oViB1D6EO9M6zxKZMBbjGX4o=,BstbRYhWX3mpLsbPqJiyPUlQR+g=
-10,5,+E5oViB1D6EO9M6zxKZMBbjGX4o=,/fe98rTQps43GzGLjn28U+CoIM8=
-5,10,+E5oViB1D6EO9M6zxKZMBbjGX4o=,sBxqp44PneXH360CIzqpD/C37xU=
-3,10,+E5oViB1D6EO9M6zxKZMBbjGX4o=,BstbRYhWX3mpLsbPqJiyPUlQR+g=
-9,5,+E5oViB1D6EO9M6zxKZMBbjGX4o=,/fe98rTQps43GzGLjn28U+CoIM8=
-2,10,+E5oViB1D6EO9M6zxKZMBbjGX4o=,BstbRYhWX3mpLsbPqJiyPUlQR+g=
-4,8,+E5oViB1D6EO9M6zxKZMBbjGX4o=,BstbRYhWX3mpLsbPqJiyPUlQR+g=
-3,8,+E5oViB1D6EO9M6zxKZMBbjGX4o=,BstbRYhWX3mpLsbPqJiyPUlQR+g=
-11,6,+E5oViB1D6EO9M6zxKZMBbjGX4o=,/fe98rTQps43GzGLjn28U+CoIM8=
-2,8,+E5oViB1D6EO9M6zxKZMBbjGX4o=,BstbRYhWX3mpLsbPqJiyPUlQR+g=
-10,6,+E5oViB1D6EO9M6zxKZMBbjGX4o=,/fe98rTQps43GzGLjn28U+CoIM8=
-5,8,+E5oViB1D6EO9M6zxKZMBbjGX4o=,sBxqp44PneXH360CIzqpD/C37xU=
-9,6,+E5oViB1D6EO9M6zxKZMBbjGX4o=,/fe98rTQps43GzGLjn28U+CoIM8=
-11,7,+E5oViB1D6EO9M6zxKZMBbjGX4o=,/fe98rTQps43GzGLjn28U+CoIM8=
-10,7,+E5oViB1D6EO9M6zxKZMBbjGX4o=,/fe98rTQps43GzGLjn28U+CoIM8=
-9,8,+E5oViB1D6EO9M6zxKZMBbjGX4o=,Zffif1swbPj7TzvHhLIM0/w4Q9s=
-9,7,+E5oViB1D6EO9M6zxKZMBbjGX4o=,/fe98rTQps43GzGLjn28U+CoIM8=
-8,8,+E5oViB1D6EO9M6zxKZMBbjGX4o=,sBxqp44PneXH360CIzqpD/C37xU=
-11,8,xAFY/aS427s4yH/ac+VhVqyo2dM=,Zffif1swbPj7TzvHhLIM0/w4Q9s=
-10,8,xAFY/aS427s4yH/ac+VhVqyo2dM=,Zffif1swbPj7TzvHhLIM0/w4Q9s=
-14,6,7c21hqVRpIq49+k3cOue7h5Aj8g=,xJcD0rGFqAldYVxnG/xF3FrN8S0=
-14,5,7c21hqVRpIq49+k3cOue7h5Aj8g=,xJcD0rGFqAldYVxnG/xF3FrN8S0=
-13,5,7c21hqVRpIq49+k3cOue7h5Aj8g=,xJcD0rGFqAldYVxnG/xF3FrN8S0=
-12,5,7c21hqVRpIq49+k3cOue7h5Aj8g=,/fe98rTQps43GzGLjn28U+CoIM8=
-12,6,7c21hqVRpIq49+k3cOue7h5Aj8g=,/fe98rTQps43GzGLjn28U+CoIM8=
-13,6,7c21hqVRpIq49+k3cOue7h5Aj8g=,xJcD0rGFqAldYVxnG/xF3FrN8S0=
-15,5,7c21hqVRpIq49+k3cOue7h5Aj8g=,xJcD0rGFqAldYVxnG/xF3FrN8S0=
-15,6,7c21hqVRpIq49+k3cOue7h5Aj8g=,xJcD0rGFqAldYVxnG/xF3FrN8S0=
-11,4,7c21hqVRpIq49+k3cOue7h5Aj8g=,/fe98rTQps43GzGLjn28U+CoIM8=
-14,4,7c21hqVRpIq49+k3cOue7h5Aj8g=,xJcD0rGFqAldYVxnG/xF3FrN8S0=
-13,4,7c21hqVRpIq49+k3cOue7h5Aj8g=,xJcD0rGFqAldYVxnG/xF3FrN8S0=
-15,4,7c21hqVRpIq49+k3cOue7h5Aj8g=,xJcD0rGFqAldYVxnG/xF3FrN8S0=
-10,4,7c21hqVRpIq49+k3cOue7h5Aj8g=,/fe98rTQps43GzGLjn28U+CoIM8=
-14,7,7c21hqVRpIq49+k3cOue7h5Aj8g=,xJcD0rGFqAldYVxnG/xF3FrN8S0=
-9,4,7c21hqVRpIq49+k3cOue7h5Aj8g=,/fe98rTQps43GzGLjn28U+CoIM8=
-12,9,7c21hqVRpIq49+k3cOue7h5Aj8g=,Zffif1swbPj7TzvHhLIM0/w4Q9s=
-12,4,7c21hqVRpIq49+k3cOue7h5Aj8g=,/fe98rTQps43GzGLjn28U+CoIM8=
-13,7,7c21hqVRpIq49+k3cOue7h5Aj8g=,xJcD0rGFqAldYVxnG/xF3FrN8S0=
-15,9,7c21hqVRpIq49+k3cOue7h5Aj8g=,WPPbELDGAdWx8mdHN9mG8UNmO2U=
-14,9,7c21hqVRpIq49+k3cOue7h5Aj8g=,WPPbELDGAdWx8mdHN9mG8UNmO2U=
-12,7,7c21hqVRpIq49+k3cOue7h5Aj8g=,/fe98rTQps43GzGLjn28U+CoIM8=
-15,8,7c21hqVRpIq49+k3cOue7h5Aj8g=,WPPbELDGAdWx8mdHN9mG8UNmO2U=
-14,10,7c21hqVRpIq49+k3cOue7h5Aj8g=,WPPbELDGAdWx8mdHN9mG8UNmO2U=
-13,10,7c21hqVRpIq49+k3cOue7h5Aj8g=,WPPbELDGAdWx8mdHN9mG8UNmO2U=
-14,8,7c21hqVRpIq49+k3cOue7h5Aj8g=,WPPbELDGAdWx8mdHN9mG8UNmO2U=
-13,8,7c21hqVRpIq49+k3cOue7h5Aj8g=,WPPbELDGAdWx8mdHN9mG8UNmO2U=
-12,10,7c21hqVRpIq49+k3cOue7h5Aj8g=,Zffif1swbPj7TzvHhLIM0/w4Q9s=
-12,8,7c21hqVRpIq49+k3cOue7h5Aj8g=,Zffif1swbPj7TzvHhLIM0/w4Q9s=
-13,9,7c21hqVRpIq49+k3cOue7h5Aj8g=,WPPbELDGAdWx8mdHN9mG8UNmO2U=
-15,10,7c21hqVRpIq49+k3cOue7h5Aj8g=,WPPbELDGAdWx8mdHN9mG8UNmO2U=
-15,7,4hwsQeUIMW3Pfuy6d63QduXBePw=,xJcD0rGFqAldYVxnG/xF3FrN8S0=
-15,11,iig1UiLlYAAJmFb1mVDTmlFYdYE=,WPPbELDGAdWx8mdHN9mG8UNmO2U=
-14,11,iig1UiLlYAAJmFb1mVDTmlFYdYE=,WPPbELDGAdWx8mdHN9mG8UNmO2U=
-15,12,iig1UiLlYAAJmFb1mVDTmlFYdYE=,kRczYJ7TYIdkGRt66jUWK6RmbfU=
-14,12,iig1UiLlYAAJmFb1mVDTmlFYdYE=,kRczYJ7TYIdkGRt66jUWK6RmbfU=
-14,14,iig1UiLlYAAJmFb1mVDTmlFYdYE=,kRczYJ7TYIdkGRt66jUWK6RmbfU=
-15,13,iig1UiLlYAAJmFb1mVDTmlFYdYE=,kRczYJ7TYIdkGRt66jUWK6RmbfU=
-14,13,iig1UiLlYAAJmFb1mVDTmlFYdYE=,kRczYJ7TYIdkGRt66jUWK6RmbfU=
-15,14,iig1UiLlYAAJmFb1mVDTmlFYdYE=,kRczYJ7TYIdkGRt66jUWK6RmbfU=
-7,13,iig1UiLlYAAJmFb1mVDTmlFYdYE=,l/MMf+EwvDjKAuCMIZ96Re7TdIc=
-12,11,iig1UiLlYAAJmFb1mVDTmlFYdYE=,Zffif1swbPj7TzvHhLIM0/w4Q9s=
-7,15,iig1UiLlYAAJmFb1mVDTmlFYdYE=,l/MMf+EwvDjKAuCMIZ96Re7TdIc=
-6,15,iig1UiLlYAAJmFb1mVDTmlFYdYE=,l/MMf+EwvDjKAuCMIZ96Re7TdIc=
-6,13,iig1UiLlYAAJmFb1mVDTmlFYdYE=,l/MMf+EwvDjKAuCMIZ96Re7TdIc=
-11,11,iig1UiLlYAAJmFb1mVDTmlFYdYE=,Zffif1swbPj7TzvHhLIM0/w4Q9s=
-7,14,iig1UiLlYAAJmFb1mVDTmlFYdYE=,l/MMf+EwvDjKAuCMIZ96Re7TdIc=
-10,11,iig1UiLlYAAJmFb1mVDTmlFYdYE=,Zffif1swbPj7TzvHhLIM0/w4Q9s=
-6,14,iig1UiLlYAAJmFb1mVDTmlFYdYE=,l/MMf+EwvDjKAuCMIZ96Re7TdIc=
-12,12,iig1UiLlYAAJmFb1mVDTmlFYdYE=,p7i9/DhSRkIWl+1eNUjf7uc83tI=
-7,11,iig1UiLlYAAJmFb1mVDTmlFYdYE=,sBxqp44PneXH360CIzqpD/C37xU=
-13,11,iig1UiLlYAAJmFb1mVDTmlFYdYE=,WPPbELDGAdWx8mdHN9mG8UNmO2U=
-11,15,iig1UiLlYAAJmFb1mVDTmlFYdYE=,p7i9/DhSRkIWl+1eNUjf7uc83tI=
-6,11,iig1UiLlYAAJmFb1mVDTmlFYdYE=,sBxqp44PneXH360CIzqpD/C37xU=
-11,12,iig1UiLlYAAJmFb1mVDTmlFYdYE=,p7i9/DhSRkIWl+1eNUjf7uc83tI=
-10,15,iig1UiLlYAAJmFb1mVDTmlFYdYE=,p7i9/DhSRkIWl+1eNUjf7uc83tI=
-9,15,iig1UiLlYAAJmFb1mVDTmlFYdYE=,p7i9/DhSRkIWl+1eNUjf7uc83tI=
-7,12,iig1UiLlYAAJmFb1mVDTmlFYdYE=,l/MMf+EwvDjKAuCMIZ96Re7TdIc=
-10,12,iig1UiLlYAAJmFb1mVDTmlFYdYE=,p7i9/DhSRkIWl+1eNUjf7uc83tI=
-8,15,iig1UiLlYAAJmFb1mVDTmlFYdYE=,l/MMf+EwvDjKAuCMIZ96Re7TdIc=
-6,12,iig1UiLlYAAJmFb1mVDTmlFYdYE=,l/MMf+EwvDjKAuCMIZ96Re7TdIc=
-9,12,iig1UiLlYAAJmFb1mVDTmlFYdYE=,p7i9/DhSRkIWl+1eNUjf7uc83tI=
-4,11,iig1UiLlYAAJmFb1mVDTmlFYdYE=,BstbRYhWX3mpLsbPqJiyPUlQR+g=
-4,15,iig1UiLlYAAJmFb1mVDTmlFYdYE=,4Ya6MEO1KXaZE2ttJhPASOV6edk=
-13,12,iig1UiLlYAAJmFb1mVDTmlFYdYE=,kRczYJ7TYIdkGRt66jUWK6RmbfU=
-3,15,iig1UiLlYAAJmFb1mVDTmlFYdYE=,4Ya6MEO1KXaZE2ttJhPASOV6edk=
-3,11,iig1UiLlYAAJmFb1mVDTmlFYdYE=,BstbRYhWX3mpLsbPqJiyPUlQR+g=
-12,13,iig1UiLlYAAJmFb1mVDTmlFYdYE=,p7i9/DhSRkIWl+1eNUjf7uc83tI=
-2,15,iig1UiLlYAAJmFb1mVDTmlFYdYE=,4Ya6MEO1KXaZE2ttJhPASOV6edk=
-2,11,iig1UiLlYAAJmFb1mVDTmlFYdYE=,BstbRYhWX3mpLsbPqJiyPUlQR+g=
-11,13,iig1UiLlYAAJmFb1mVDTmlFYdYE=,p7i9/DhSRkIWl+1eNUjf7uc83tI=
-13,14,iig1UiLlYAAJmFb1mVDTmlFYdYE=,kRczYJ7TYIdkGRt66jUWK6RmbfU=
-10,13,iig1UiLlYAAJmFb1mVDTmlFYdYE=,p7i9/DhSRkIWl+1eNUjf7uc83tI=
-4,13,iig1UiLlYAAJmFb1mVDTmlFYdYE=,4Ya6MEO1KXaZE2ttJhPASOV6edk=
-5,15,iig1UiLlYAAJmFb1mVDTmlFYdYE=,l/MMf+EwvDjKAuCMIZ96Re7TdIc=
-9,13,iig1UiLlYAAJmFb1mVDTmlFYdYE=,p7i9/DhSRkIWl+1eNUjf7uc83tI=
-3,13,iig1UiLlYAAJmFb1mVDTmlFYdYE=,4Ya6MEO1KXaZE2ttJhPASOV6edk=
-9,14,iig1UiLlYAAJmFb1mVDTmlFYdYE=,p7i9/DhSRkIWl+1eNUjf7uc83tI=
-2,13,iig1UiLlYAAJmFb1mVDTmlFYdYE=,4Ya6MEO1KXaZE2ttJhPASOV6edk=
-12,14,iig1UiLlYAAJmFb1mVDTmlFYdYE=,p7i9/DhSRkIWl+1eNUjf7uc83tI=
-1,9,iig1UiLlYAAJmFb1mVDTmlFYdYE=,BstbRYhWX3mpLsbPqJiyPUlQR+g=
-8,12,iig1UiLlYAAJmFb1mVDTmlFYdYE=,l/MMf+EwvDjKAuCMIZ96Re7TdIc=
-13,13,iig1UiLlYAAJmFb1mVDTmlFYdYE=,kRczYJ7TYIdkGRt66jUWK6RmbfU=
-4,14,iig1UiLlYAAJmFb1mVDTmlFYdYE=,4Ya6MEO1KXaZE2ttJhPASOV6edk=
-1,10,iig1UiLlYAAJmFb1mVDTmlFYdYE=,BstbRYhWX3mpLsbPqJiyPUlQR+g=
-8,13,iig1UiLlYAAJmFb1mVDTmlFYdYE=,l/MMf+EwvDjKAuCMIZ96Re7TdIc=
-3,14,iig1UiLlYAAJmFb1mVDTmlFYdYE=,4Ya6MEO1KXaZE2ttJhPASOV6edk=
-8,11,iig1UiLlYAAJmFb1mVDTmlFYdYE=,sBxqp44PneXH360CIzqpD/C37xU=
-11,14,iig1UiLlYAAJmFb1mVDTmlFYdYE=,p7i9/DhSRkIWl+1eNUjf7uc83tI=
-2,14,iig1UiLlYAAJmFb1mVDTmlFYdYE=,4Ya6MEO1KXaZE2ttJhPASOV6edk=
-8,14,iig1UiLlYAAJmFb1mVDTmlFYdYE=,l/MMf+EwvDjKAuCMIZ96Re7TdIc=
-10,14,iig1UiLlYAAJmFb1mVDTmlFYdYE=,p7i9/DhSRkIWl+1eNUjf7uc83tI=
-4,12,iig1UiLlYAAJmFb1mVDTmlFYdYE=,4Ya6MEO1KXaZE2ttJhPASOV6edk=
-9,11,iig1UiLlYAAJmFb1mVDTmlFYdYE=,Zffif1swbPj7TzvHhLIM0/w4Q9s=
-3,12,iig1UiLlYAAJmFb1mVDTmlFYdYE=,4Ya6MEO1KXaZE2ttJhPASOV6edk=
-5,12,iig1UiLlYAAJmFb1mVDTmlFYdYE=,l/MMf+EwvDjKAuCMIZ96Re7TdIc=
-1,11,iig1UiLlYAAJmFb1mVDTmlFYdYE=,BstbRYhWX3mpLsbPqJiyPUlQR+g=
-5,13,iig1UiLlYAAJmFb1mVDTmlFYdYE=,l/MMf+EwvDjKAuCMIZ96Re7TdIc=
-1,13,iig1UiLlYAAJmFb1mVDTmlFYdYE=,4Ya6MEO1KXaZE2ttJhPASOV6edk=
-1,8,iig1UiLlYAAJmFb1mVDTmlFYdYE=,BstbRYhWX3mpLsbPqJiyPUlQR+g=
-2,12,iig1UiLlYAAJmFb1mVDTmlFYdYE=,4Ya6MEO1KXaZE2ttJhPASOV6edk=
-1,14,iig1UiLlYAAJmFb1mVDTmlFYdYE=,4Ya6MEO1KXaZE2ttJhPASOV6edk=
-5,11,iig1UiLlYAAJmFb1mVDTmlFYdYE=,sBxqp44PneXH360CIzqpD/C37xU=
-1,12,iig1UiLlYAAJmFb1mVDTmlFYdYE=,4Ya6MEO1KXaZE2ttJhPASOV6edk=
-5,14,iig1UiLlYAAJmFb1mVDTmlFYdYE=,l/MMf+EwvDjKAuCMIZ96Re7TdIc=
-16,5,iig1UiLlYAAJmFb1mVDTmlFYdYE=,xJcD0rGFqAldYVxnG/xF3FrN8S0=
-16,9,iig1UiLlYAAJmFb1mVDTmlFYdYE=,WPPbELDGAdWx8mdHN9mG8UNmO2U=
-16,11,iig1UiLlYAAJmFb1mVDTmlFYdYE=,WPPbELDGAdWx8mdHN9mG8UNmO2U=
-16,4,iig1UiLlYAAJmFb1mVDTmlFYdYE=,xJcD0rGFqAldYVxnG/xF3FrN8S0=
-16,12,iig1UiLlYAAJmFb1mVDTmlFYdYE=,kRczYJ7TYIdkGRt66jUWK6RmbfU=
-16,8,iig1UiLlYAAJmFb1mVDTmlFYdYE=,WPPbELDGAdWx8mdHN9mG8UNmO2U=
-16,13,iig1UiLlYAAJmFb1mVDTmlFYdYE=,kRczYJ7TYIdkGRt66jUWK6RmbfU=
-16,6,iig1UiLlYAAJmFb1mVDTmlFYdYE=,xJcD0rGFqAldYVxnG/xF3FrN8S0=
-16,10,iig1UiLlYAAJmFb1mVDTmlFYdYE=,WPPbELDGAdWx8mdHN9mG8UNmO2U=
-16,14,iig1UiLlYAAJmFb1mVDTmlFYdYE=,kRczYJ7TYIdkGRt66jUWK6RmbfU=
-16,7,iig1UiLlYAAJmFb1mVDTmlFYdYE=,xJcD0rGFqAldYVxnG/xF3FrN8S0=
-12,15,iig1UiLlYAAJmFb1mVDTmlFYdYE=,p7i9/DhSRkIWl+1eNUjf7uc83tI=
-16,15,iig1UiLlYAAJmFb1mVDTmlFYdYE=,kRczYJ7TYIdkGRt66jUWK6RmbfU=
-1,15,iig1UiLlYAAJmFb1mVDTmlFYdYE=,4Ya6MEO1KXaZE2ttJhPASOV6edk=
-15,15,iig1UiLlYAAJmFb1mVDTmlFYdYE=,kRczYJ7TYIdkGRt66jUWK6RmbfU=
-13,15,iig1UiLlYAAJmFb1mVDTmlFYdYE=,kRczYJ7TYIdkGRt66jUWK6RmbfU=
-14,15,iig1UiLlYAAJmFb1mVDTmlFYdYE=,kRczYJ7TYIdkGRt66jUWK6RmbfU=
-19,5,Xvn5qGy2BbMh5AM/S6ULLAQmAfg=,bGfhOEi3OFdUkoNj5WfGrTE5wEM=
-18,5,Xvn5qGy2BbMh5AM/S6ULLAQmAfg=,bGfhOEi3OFdUkoNj5WfGrTE5wEM=
-19,14,Xvn5qGy2BbMh5AM/S6ULLAQmAfg=,d/qBMDjlrTGJ6I/ZNb95tDiu2EA=
-18,14,Xvn5qGy2BbMh5AM/S6ULLAQmAfg=,d/qBMDjlrTGJ6I/ZNb95tDiu2EA=
-18,13,Xvn5qGy2BbMh5AM/S6ULLAQmAfg=,d/qBMDjlrTGJ6I/ZNb95tDiu2EA=
-19,13,Xvn5qGy2BbMh5AM/S6ULLAQmAfg=,d/qBMDjlrTGJ6I/ZNb95tDiu2EA=
-19,9,Xvn5qGy2BbMh5AM/S6ULLAQmAfg=,FU7DCy615na9/dZsuRemd42H85k=
-18,10,Xvn5qGy2BbMh5AM/S6ULLAQmAfg=,FU7DCy615na9/dZsuRemd42H85k=
-19,12,Xvn5qGy2BbMh5AM/S6ULLAQmAfg=,d/qBMDjlrTGJ6I/ZNb95tDiu2EA=
-18,12,Xvn5qGy2BbMh5AM/S6ULLAQmAfg=,d/qBMDjlrTGJ6I/ZNb95tDiu2EA=
-19,7,Xvn5qGy2BbMh5AM/S6ULLAQmAfg=,bGfhOEi3OFdUkoNj5WfGrTE5wEM=
-19,8,Xvn5qGy2BbMh5AM/S6ULLAQmAfg=,FU7DCy615na9/dZsuRemd42H85k=
-18,7,Xvn5qGy2BbMh5AM/S6ULLAQmAfg=,bGfhOEi3OFdUkoNj5WfGrTE5wEM=
-18,9,Xvn5qGy2BbMh5AM/S6ULLAQmAfg=,FU7DCy615na9/dZsuRemd42H85k=
-18,8,Xvn5qGy2BbMh5AM/S6ULLAQmAfg=,FU7DCy615na9/dZsuRemd42H85k=
-19,10,Xvn5qGy2BbMh5AM/S6ULLAQmAfg=,FU7DCy615na9/dZsuRemd42H85k=
-18,11,Xvn5qGy2BbMh5AM/S6ULLAQmAfg=,FU7DCy615na9/dZsuRemd42H85k=
-19,11,Xvn5qGy2BbMh5AM/S6ULLAQmAfg=,FU7DCy615na9/dZsuRemd42H85k=
-18,6,Xvn5qGy2BbMh5AM/S6ULLAQmAfg=,bGfhOEi3OFdUkoNj5WfGrTE5wEM=
-19,6,Xvn5qGy2BbMh5AM/S6ULLAQmAfg=,bGfhOEi3OFdUkoNj5WfGrTE5wEM=
-17,5,Xvn5qGy2BbMh5AM/S6ULLAQmAfg=,bGfhOEi3OFdUkoNj5WfGrTE5wEM=
-17,6,Xvn5qGy2BbMh5AM/S6ULLAQmAfg=,bGfhOEi3OFdUkoNj5WfGrTE5wEM=
-20,5,Xvn5qGy2BbMh5AM/S6ULLAQmAfg=,bGfhOEi3OFdUkoNj5WfGrTE5wEM=
-20,6,Xvn5qGy2BbMh5AM/S6ULLAQmAfg=,bGfhOEi3OFdUkoNj5WfGrTE5wEM=
-18,15,Xvn5qGy2BbMh5AM/S6ULLAQmAfg=,d/qBMDjlrTGJ6I/ZNb95tDiu2EA=
-19,15,Xvn5qGy2BbMh5AM/S6ULLAQmAfg=,d/qBMDjlrTGJ6I/ZNb95tDiu2EA=
-20,14,Xvn5qGy2BbMh5AM/S6ULLAQmAfg=,d/qBMDjlrTGJ6I/ZNb95tDiu2EA=
-20,13,Xvn5qGy2BbMh5AM/S6ULLAQmAfg=,d/qBMDjlrTGJ6I/ZNb95tDiu2EA=
-20,9,Xvn5qGy2BbMh5AM/S6ULLAQmAfg=,FU7DCy615na9/dZsuRemd42H85k=
-20,8,Xvn5qGy2BbMh5AM/S6ULLAQmAfg=,FU7DCy615na9/dZsuRemd42H85k=
-20,11,Xvn5qGy2BbMh5AM/S6ULLAQmAfg=,FU7DCy615na9/dZsuRemd42H85k=
-20,7,Xvn5qGy2BbMh5AM/S6ULLAQmAfg=,bGfhOEi3OFdUkoNj5WfGrTE5wEM=
-20,10,Xvn5qGy2BbMh5AM/S6ULLAQmAfg=,FU7DCy615na9/dZsuRemd42H85k=
-20,12,Xvn5qGy2BbMh5AM/S6ULLAQmAfg=,d/qBMDjlrTGJ6I/ZNb95tDiu2EA=
-20,15,Xvn5qGy2BbMh5AM/S6ULLAQmAfg=,d/qBMDjlrTGJ6I/ZNb95tDiu2EA=
-17,7,Xvn5qGy2BbMh5AM/S6ULLAQmAfg=,bGfhOEi3OFdUkoNj5WfGrTE5wEM=
-17,15,Xvn5qGy2BbMh5AM/S6ULLAQmAfg=,d/qBMDjlrTGJ6I/ZNb95tDiu2EA=
-17,12,Xvn5qGy2BbMh5AM/S6ULLAQmAfg=,d/qBMDjlrTGJ6I/ZNb95tDiu2EA=
-17,9,Xvn5qGy2BbMh5AM/S6ULLAQmAfg=,FU7DCy615na9/dZsuRemd42H85k=
-17,13,Xvn5qGy2BbMh5AM/S6ULLAQmAfg=,d/qBMDjlrTGJ6I/ZNb95tDiu2EA=
-17,8,Xvn5qGy2BbMh5AM/S6ULLAQmAfg=,FU7DCy615na9/dZsuRemd42H85k=
-17,14,Xvn5qGy2BbMh5AM/S6ULLAQmAfg=,d/qBMDjlrTGJ6I/ZNb95tDiu2EA=
-17,10,Xvn5qGy2BbMh5AM/S6ULLAQmAfg=,FU7DCy615na9/dZsuRemd42H85k=
-17,11,Xvn5qGy2BbMh5AM/S6ULLAQmAfg=,FU7DCy615na9/dZsuRemd42H85k=
-20,4,Xvn5qGy2BbMh5AM/S6ULLAQmAfg=,bGfhOEi3OFdUkoNj5WfGrTE5wEM=
-18,4,Xvn5qGy2BbMh5AM/S6ULLAQmAfg=,bGfhOEi3OFdUkoNj5WfGrTE5wEM=
-19,4,Xvn5qGy2BbMh5AM/S6ULLAQmAfg=,bGfhOEi3OFdUkoNj5WfGrTE5wEM=
-17,4,Xvn5qGy2BbMh5AM/S6ULLAQmAfg=,bGfhOEi3OFdUkoNj5WfGrTE5wEM=
-20,23,Xvn5qGy2BbMh5AM/S6ULLAQmAfg=,qrim2nW64nWpF/w4jXKhwixP9SY=
-19,23,Xvn5qGy2BbMh5AM/S6ULLAQmAfg=,qrim2nW64nWpF/w4jXKhwixP9SY=
-17,22,Xvn5qGy2BbMh5AM/S6ULLAQmAfg=,qrim2nW64nWpF/w4jXKhwixP9SY=
-18,21,Xvn5qGy2BbMh5AM/S6ULLAQmAfg=,qrim2nW64nWpF/w4jXKhwixP9SY=
-19,22,Xvn5qGy2BbMh5AM/S6ULLAQmAfg=,qrim2nW64nWpF/w4jXKhwixP9SY=
-19,21,Xvn5qGy2BbMh5AM/S6ULLAQmAfg=,qrim2nW64nWpF/w4jXKhwixP9SY=
-20,22,Xvn5qGy2BbMh5AM/S6ULLAQmAfg=,qrim2nW64nWpF/w4jXKhwixP9SY=
-18,22,Xvn5qGy2BbMh5AM/S6ULLAQmAfg=,qrim2nW64nWpF/w4jXKhwixP9SY=
-20,21,Xvn5qGy2BbMh5AM/S6ULLAQmAfg=,qrim2nW64nWpF/w4jXKhwixP9SY=
-17,23,Xvn5qGy2BbMh5AM/S6ULLAQmAfg=,qrim2nW64nWpF/w4jXKhwixP9SY=
-17,21,Xvn5qGy2BbMh5AM/S6ULLAQmAfg=,qrim2nW64nWpF/w4jXKhwixP9SY=
-18,23,Xvn5qGy2BbMh5AM/S6ULLAQmAfg=,qrim2nW64nWpF/w4jXKhwixP9SY=
-19,18,Xvn5qGy2BbMh5AM/S6ULLAQmAfg=,Rv2AJNPGMvrYNz5vXb2PcQ9GY80=
-20,20,Xvn5qGy2BbMh5AM/S6ULLAQmAfg=,qrim2nW64nWpF/w4jXKhwixP9SY=
-19,20,Xvn5qGy2BbMh5AM/S6ULLAQmAfg=,qrim2nW64nWpF/w4jXKhwixP9SY=
-19,17,Xvn5qGy2BbMh5AM/S6ULLAQmAfg=,Rv2AJNPGMvrYNz5vXb2PcQ9GY80=
-18,20,Xvn5qGy2BbMh5AM/S6ULLAQmAfg=,qrim2nW64nWpF/w4jXKhwixP9SY=
-20,17,Xvn5qGy2BbMh5AM/S6ULLAQmAfg=,Rv2AJNPGMvrYNz5vXb2PcQ9GY80=
-20,19,Xvn5qGy2BbMh5AM/S6ULLAQmAfg=,Rv2AJNPGMvrYNz5vXb2PcQ9GY80=
-17,20,Xvn5qGy2BbMh5AM/S6ULLAQmAfg=,qrim2nW64nWpF/w4jXKhwixP9SY=
-20,16,Xvn5qGy2BbMh5AM/S6ULLAQmAfg=,Rv2AJNPGMvrYNz5vXb2PcQ9GY80=
-18,19,Xvn5qGy2BbMh5AM/S6ULLAQmAfg=,Rv2AJNPGMvrYNz5vXb2PcQ9GY80=
-19,16,Xvn5qGy2BbMh5AM/S6ULLAQmAfg=,Rv2AJNPGMvrYNz5vXb2PcQ9GY80=
-19,19,Xvn5qGy2BbMh5AM/S6ULLAQmAfg=,Rv2AJNPGMvrYNz5vXb2PcQ9GY80=
-18,17,Xvn5qGy2BbMh5AM/S6ULLAQmAfg=,Rv2AJNPGMvrYNz5vXb2PcQ9GY80=
-17,16,Xvn5qGy2BbMh5AM/S6ULLAQmAfg=,Rv2AJNPGMvrYNz5vXb2PcQ9GY80=
-17,17,Xvn5qGy2BbMh5AM/S6ULLAQmAfg=,Rv2AJNPGMvrYNz5vXb2PcQ9GY80=
-18,18,Xvn5qGy2BbMh5AM/S6ULLAQmAfg=,Rv2AJNPGMvrYNz5vXb2PcQ9GY80=
-17,18,Xvn5qGy2BbMh5AM/S6ULLAQmAfg=,Rv2AJNPGMvrYNz5vXb2PcQ9GY80=
-20,18,Xvn5qGy2BbMh5AM/S6ULLAQmAfg=,Rv2AJNPGMvrYNz5vXb2PcQ9GY80=
-17,19,Xvn5qGy2BbMh5AM/S6ULLAQmAfg=,Rv2AJNPGMvrYNz5vXb2PcQ9GY80=
-18,16,Xvn5qGy2BbMh5AM/S6ULLAQmAfg=,Rv2AJNPGMvrYNz5vXb2PcQ9GY80=
